0,5,00000000
1,-9,fffffff7
-1,32,ffffffe0
2147483647,-64,00000040
-2147483648,129,80000000
-2,255,fffffe02
2147483646,-511,800003fe
-2147483647,-1025,7ffffbff
2,4096,00002000
3,-8192,ffffa000
-3,16385,ffff3ffd
4,32767,0001fffc
-4,-65535,0003fffc
5,-131073,fff5fffb
-5,524288,ffd80000
8,-1048576,ff800000
-8,2097153,fefffff8
9,4194303,023ffff7
7,-8388607,fc800007
-7,-16777217,07000007
-9,67108864,dc000000
16,-134217728,80000000
-16,268435457,fffffff0
17,536870911,1fffffef
15,-1073741823,4000000f
-15,-2048144789,272f23bb
-17,-374761393,7bbce2c1
32,2146121005,fd66a5a0
-32,-1118476284,5552ff80
33,1696943562,09cf070a
31,-995032301,d16f5f4d
-31,-202848381,76cfd723
-33,881894432,395ad7e0
64,-1444139993,7b0b09c0
-64,1811039375,036edc40
65,-292722422,91e7ab8a
63,-1475249959,5c4cbd67
-63,1744907279,67b6284f
-65,1340922385,b4dca1af
128,-816234365,aca04180
-128,-380159621,54634280
129,377595822,57557eae
127,1088587693,30614ed3
-127,-2140560586,4b980836
-129,1884031066,69afcaa6
256,921863263,f2845f00
-256,1448941913,a2e6a700
257,1671519548,04fe993c
255,808332689,fdff636f
-255,1004207592,60dd15e8
-257,-16591590,fe2810e6
512,638089038,10ee9c00
-512,-1816927598,983adc00
513,-1036886196,26f0f74c
511,-1352151232,2036b0c0
-511,1055471780,6c77f0a4
-513,-658567428,a922f904
1024,-901998043,f2689400
-1024,1351101190,df53e800
1025,-755132881,c956522f
1023,-573354482,6f64e9f2
-1023,-15055678,96073cc2
-1025,1548442640,764463f0
2048,300777007,6bf17800
-2048,453930964,8c816000
2049,-1552979083,1ecb1375
2047,-142403161,214a1e59
-2047,2005259173,48e8aba5
-2049,2003334040,44facc68
4096,1082607055,745cf000
-4096,492995253,d7d4b000
4097,1982668781,482befed
4095,-1464901272,4d671e98
-4095,-610249660,d65c1444
-4097,1168835511,0a198c49
8192,1849151335,f9ece000
-8192,-1317912158,b7cbc000
8193,-798114707,87fb5c6d
8191,1063899119,fa941011
-8191,-958081037,2be677f3
-8193,1247030476,30125334
16384,-474549503,bcc04000
-16384,-33612606,38cf8000
16385,-907088398,856b6df2
16383,-342575276,424048ac
-16383,1319711035,025a713b
-16385,-356064028,5c001b1c
32768,-1296680577,1cbf8000
-32768,1604308283,19628000
32769,-1232637742,6ef070d2
32767,151639440,e1be2a70
-32767,-1439219393,0997c13f
-32769,1320944591,af5c7c31
65536,1839714525,d0dd0000
-65536,2080693797,21db0000
65537,-142126041,4bae5427
65535,-1106189398,25991c56
-65535,1870191245,94ebda8d
-65537,-223863845,f17ce425
131072,-899816739,c5ba0000
-131072,1949801161,ca6e0000
131073,1166176515,27887103
131071,868129917,053b6383
-131071,696686738,f8629892
-131073,271813803,d6767355
262144,1542783279,04bc0000
-262144,512542750,df880000
262145,1662731209,723f43c9
262143,-2084895340,9294fa6c
-262143,-520797799,da914199
-262145,-1044862163,919354d3
524288,198328693,0ba80000
-524288,1717894459,16280000
524289,-95195003,7e7b7085
524287,-1820482806,84d25cf6
-524287,2060971600,0857ee50
-524289,1580121587,b239420d
1048576,-724142424,6a800000
-1048576,772941050,b0600000
1048577,1897671166,10fc29fe
1048575,2071486330,7c27a086
-1048575,205457428,8aff0814
-1048577,833409125,c8032f9b
2097152,-1719999571,75a00000
-2097152,-372822102,0ac00000
2097153,367868325,4a8d39a5
2097151,-2107465055,d1bd5d5f
-2097151,-243972021,e815484b
-2097153,-1351286497,2caafee1
4194304,-1706189269,8ac00000
-4194304,925407754,7d800000
4194305,509198568,5859c0e8
4194303,718021392,9933dcf0
-4194303,1281790876,6566939c
-4194305,1700438205,6b655f43
8388608,-1913697500,92000000
-8388608,813264242,47000000
8388609,447979584,3ab3a040
8388607,-1174378593,157f9861
-8388607,1605464447,a031717f
-8388609,2026224493,d0ba4493
16777216,-1045961665,3f000000
-16777216,1071042676,8c000000
16777217,-2124059590,bb656c3a
16777215,-62656148,6fbc0e94
-16777215,-1156212121,54159a67
-16777217,1817170030,25b02f92
33554432,-1305721263,a2000000
-33554432,-417228274,e4000000
33554433,-1740710340,103ede3c
33554431,-12564560,60bfb850
-33554431,-28082354,62537f4e
-33554433,-1436531269,df9fba45
67108864,-2039096426,58000000
-67108864,-1280457884,70000000
67108865,1877476582,07e804e6
67108863,-878996968,94646de8
-67108863,271100441,ac28aa19
-67108865,867616159,50493a61
134217728,349577816,c0000000
-134217728,1031796493,98000000
134217729,1953450263,2c6f4917
134217727,1022235140,e311edfc
-134217727,-1992055308,e943a5f4
-134217729,1014979682,b380a39e
268435456,1340217938,20000000
-268435456,1913477966,20000000
268435457,-1533068533,549f3b0b
268435455,-94023518,259aaf5e
-268435455,371221582,3620644e
-268435457,1430433134,cabd5292
536870912,-1382940270,40000000
-536870912,-1688172467,60000000
536870913,646974549,c6900c55
536870911,2011888051,e815064d
-536870911,-10235882,3f63d016
-536870913,-753786958,ecede04e
1073741824,1015886942,80000000
-1073741824,-2040261252,00000000
1073741825,-504798779,21e961c5
1073741823,1891594383,4f408f71
-1073741823,-2107684618,025f48f6
-1073741825,-577282942,a268a37e
2147483648,-821879365,80000000
-2147483649,-338607269,942ebca5
2147483649,-1422140755,2b3bdaad
-1640531527,1384542358,f2984266
1640531527,-1306784129,87967f39
-2048144789,-1711591544,d9562dd8
2048144789,-479474046,c5a81baa
-1028477387,-1934706734,d520ca7a
1028477387,9486745,f00fed53
668265263,-55218154,1f6bc60a
-668265263,-1027088549,eee9754b
374761393,-2084519175,8c5efd29
-374761393,1157779430,bffd37fa
575063493,240876282,46640462
-575063493,1179424713,c34b8553
208597874,234581712,4186c8a0
-208597874,-481370182,0e96d12c
422033722,-1669845920,6deb6dc0
-422033722,898023239,6c6d5aea
2146121005,1224156916,cc7e5ce4
-2146121005,-1921972938,2a7be782
-2073254261,-742253820,4d99432c
2073254261,-431964709,fb58e817
90802087,1790271712,5e485220
-1434046645,793833847,235596dd
-945015557,-257169193,754cf6cd
-1118476284,-1615104048,ffaa5f40
459804437,-1655990593,b7a08eab
-2143106026,-1844351155,a40aec9e
626884110,-1101380813,9e89c6ca
1562183176,-142976505,57b9fa38
-958546146,-274789553,9b464442
1279969327,1907882905,c390b917
1696943562,-185853101,f884867e
216394257,424549195,01395dfb
-615107892,1160830223,c62715f4
-1939012228,-57813359,c1a1c33c
983298623,-155888554,ac6b0d2a
1485759498,707680995,60abb8de
-2089530761,263273570,093f658e
-995032301,1475063016,75ec8d38
1137783708,1738877377,a987e49c
1776881783,-515408544,ac7147a0
-1969216221,207149437,d7b4cd17
-881024675,1813833968,993f8f30
1829900089,694991650,3a90a892
-1815770477,-1674069830,b2b556ce
-202848381,2086219130,f88c1b6e
214480958,174260349,e9fbf646
-1446204904,443062682,0086aa70
1201474387,-1363770660,c1b7e154
1040696767,1573633423,94ca78b1
-1382319137,1582630194,f4d48c8e
459718547,-860052833,de00024d
881894432,-1154689088,7bd1f800
1208581376,1187472251,72e60f00
-1441383969,-2133901291,cd9b7f4b
-1525056245,-1434550763,f00cabe7
2061459611,-1066724778,9c9e5a12
-1666405247,-1594553279,9762d8c1
110867502,-1262991246,95132c7c
-1444139993,1449702547,ab80c665
-1987004929,1346096515,e88f547d
1170572658,1789873873,91d8ae12
1744409237,-474533926,43f32de2
-1771434735,1653546220,11b0e7ac
1241898298,-1741831219,11675572
1909734817,355463838,68cf3b5e
1811039375,-1486582737,5fd4ca41
-226682377,626773393,74737fe7
-1095731974,1302029577,57b8beca
-416674254,138471103,5da1834e
-859285854,2105040346,e0029ff4
2102577982,670922522,8528764c
1149302463,-1809207146,bdcae3ea
-292722422,-752417316,03197698
1632971651,459133489,1e95ca13
1446460156,-2069323587,d1040c0c
700699107,641978103,7f3d2c05
488146430,-1005760225,8e4397c2
1905533582,1637120443,c3a25bba
136490058,1147155303,72060fc6
-1475249959,-1639026467,7c124355
1383788389,405621825,fd09c4a5
-1556463590,-1916307264,dff24380
1134536946,1142750412,d000d8d8
-1940472209,-1204418100,d53ba774
1115736594,-731425576,94366730
673030071,-2055984951,9222feaf
1744907279,-420549790,53d6a2be
1934296094,-1405733850,604cb474
-163934522,1852915890,f1cec5ac
-625160769,1210180335,2185b351
-632399289,501669513,ed01e1ff
724614287,1452251974,af5f241a
-2090827024,894763521,6e1662f0
1340922385,1292001013,46e0f045
1373420475,-1001234132,02f81f24
269290204,561528243,c7d503d4
1099549042,-928765073,ac9c7e6e
-603951836,1040794411,9ee6c10c
1946879174,577522000,b755f3e0
-70477061,-1839802958,87889986
-816234365,-1672080358,881cc94e
2057997541,432866400,da8969e0
-951237599,81747976,10b58108
-140333396,-1946245591,d8f9818c
-532197905,439012192,b4bfbea0
1088213230,301672351,945405d2
1157179405,-1917751653,ac0dd5df
-380159621,-360359401,ebf2680d
-246153612,537846239,75269b0c
1602843307,1371125731,f06beaa1
726295640,-34259624,9bb37640
-2097495803,744316971,03514bd7
156323523,-1957355621,84834d11
-491759506,-20949947,6d0beda6
377595822,846688615,37104502
599381805,1879176981,c40811b1
1290098164,-512661473,df64888c
-473021138,447501864,0a604330
1114842028,607162804,d06980f0
-478808050,283536899,178bec2a
786554493,1079806733,3a322b59
1088587693,1760064827,b8ff55df
-1024699082,1172057595,711a09f2
1524390730,-1819652881,f2b73216
-560522975,1305940820,4828b1d4
39790063,-2121156910,8264080e
-542518938,1009906927,a7a5b63a
72205814,-1398590455,4693eda6
-2140560586,2075572367,a2b4fb2a
480351091,1440625274,4086bace
109061804,1655871739,32340aa4
-1501356675,-1427329241,305df10b
-1618004502,1560682596,802a4f68
-469681341,722099217,26ff0373
-1954202299,-2003565777,41120eab
1884031066,-437398183,8ab3c94a
1151850984,496549517,0ded34c8
-123281907,-517649930,0a8c157e
92561790,658216583,23f93d72
1481482063,896125502,54e7eb22
-1710842139,1187901625,5f20837d
-377667256,1713890523,ee42f898
921863263,970307771,bc55f965
1187350024,268178856,0d7e9d40
1077341811,177121693,66e42787
-1189589325,-1438569954,873596fa
162933963,-1176833297,1f49b785
-275791821,-1770047934,50e74f26
1328588370,1367418928,346dff60
1448941913,352422076,482ee55c
-208792446,-305932081,ca36451e
413249966,-359733843,e3b9b896
-2033819345,1305697559,69ddce39
-1862813336,-29029881,cd0c21d8
678584238,-1220685494,3fa2b64c
817156860,-1311194709,1c78ea54
1671519548,1175121795,adf5b9b4
-1103064858,702323793,e66200c6
511389575,1409574648,a661d4c8
1707474088,-1582734491,2ab9a648
-906650411,-1285675990,318faef2
-1975816938,-411437003,9960e58e
-1271337510,1241830900,df9115c8
808332689,617983080,e704eee8
331483596,2035008304,cc9c3a40
-1577268401,-1070162356,3f311d74
1391044968,1934542208,99e1bc00
1289680855,-1080988647,5c1be7ff
-412992604,2085733755,12fbdbcc
442797326,-877912243,fcbb1f36
1004207592,-1019983916,98e59c20
1517409648,1031742890,1600ec60
1771047788,-780955810,86c985a8
-1773187455,1977303560,4212b608
1484113822,1338795742,77940f04
-941225363,-488033506,f83defc6
-333018371,972622958,cc2894b6
-16591590,355780947,5284816e
-1782859413,106925320,63b2ba58
676702252,1515847420,a0793350
-2001008445,245861287,20f99835
-958422665,-2044912753,416dbe79
-491574652,-544752876,fda9be50
-137428234,-2097017959,e7c55706
638089038,1054820793,b715755e
650985324,652469550,d7610168
-1151734574,665084848,48f00660
194653559,933344844,36ef1954
220424703,-963675417,2ae92b19
-397802932,-1022367500,7f131070
1290606706,-734962620,b9957648
-1816927598,700430322,a3f08c04
1257210715,-278657755,c6bac327
-519884813,1866788294,15670cf2
-1046743221,1455219275,3615a8f9
-655606757,-321608343,e5fe0e13
-448060172,-1897389930,93c626f8
1313801345,1855532581,a353d4a5
-1036886196,1656442191,c8b94474
1567625958,1411917021,d858a88e
-1804782504,-585412701,b1f77c08
-1357996364,-351708122,0d883eb8
347892537,627715372,51d572cc
1321589500,134442783,c4dcc884
-2083081988,1091792751,5f880144
-1352151232,-316893234,4bc78580
2113560761,-1457391354,14cb3556
-2096182188,-1575721671,2378a2b4
1596463070,-132115003,8f8f93d6
656709793,-1228463697,94d8170f
-1091223028,-1491929988,ba976dd0
-1772315143,-54163864,3ced8328
1055471780,1893699830,bad4ad98
-2008533889,-1343360540,c44d501c
-1078181530,-1050874053,58194c82
-1011898347,-1441419501,55a8d48f
360495251,-954282688,2535dbc0
660477498,112064309,4f1e9002
2123235206,985492470,f82e8cc4
-658567428,280011092,545d66b0
1720200532,-678323439,7b10de94
1584303810,-290711213,b0213ae6
-1764574057,-1067473937,38db35f9
256399246,750593212,71464448
-1561647044,1750550813,8f80aacc
1438919765,-1775327741,fb51a2ff
-901998043,-2051510134,8bb347f2
-444433181,-33323909,3ec00d11
1242527404,-1835441500,6221de30
1151696075,-2134286752,fd445620
1363263854,828822426,33d0062c
-478636444,1813204574,9d85b0b8
-473934565,1313055874,5e4183b6
1351101190,478654010,2441d35c
968454827,1650546585,6e98a533
-2013045733,-1590079023,97e5bd0b
1721986827,-1911531228,4b46708c
-1921776143,-641511634,0841704e
-2107415580,812116350,9391ae38
417804616,-557085006,122e3410
-755132881,1377821263,3887d681
696725936,749049411,5bef2110
-992814743,2038583366,bdea42b6
1433905735,253430339,29755695
1432352633,1164403644,fddc87dc
1734936012,2081528872,5a7d37e0
-1116606195,-1684232061,7a6ae1a7
-573354482,437637901,403680b6
-241230786,2039440501,a9622056
-511044104,-2004057490,cc1d6090
643819719,-1775769121,c8b9e459
22301738,923373566,1ba907ac
-1025510538,-1411222156,67eb3f78
2128819496,1137062804,33e1b320
-15055678,354708759,afeac76e
1043403479,940151499,ff378e7d
-1460015960,1046572538,c97ca410
-1210005453,-624454094,acd9fbf6
-1847287726,1020822322,f9e14604
793117730,-806311730,5aeda35c
-559683716,1100903901,76d2820c
1548442640,-1442298014,bbe1ae20
1891370310,54215693,b414dc8e
-1900261939,1876557402,d929c012
-845083706,-841052546,4d7f9f74
641355092,22472740,847effd0
-1281566552,-190595755,81fff7c8
-663606216,651659931,0bfef5e8
300777007,-677883484,05f9b51c
-130040472,1745803865,31236928
203725760,1988649948,d5b11900
-1226183600,-896067780,663e92c0
1143016972,-164420806,48ccd2b8
1696074837,1689846600,d45576e8
424822514,124068655,81481c6e
453930964,1083623581,65703504
218117242,-970815070,aa6a7f34
-407901247,-181180212,c46945cc
-425802691,1840503982,6034cd76
61300924,1061599653,0731352c
1824856336,1832571020,1dc6b4c0
-2055420635,-946710861,729246df
-1552979083,-297284366,dc67d09a
-2133713791,-98037976,dea80328
-977180624,1749917535,58eb79d0
-1216001412,998896079,5041f644
-1518908400,-1539928249,d2f30870
-1150840591,-59572785,aa4e5fdf
-12071424,282905814,a62e3400
-142403161,-2096521989,ed0aeabd
-710538251,-429576583,a74aaccd
-423459288,1142422339,cc0a5478
-1243117659,-696441993,5fbc9cb3
-1101239826,14826204,0b86f488
-538672045,-2032568399,a2dd1263
1787332508,-1576950796,b81594b0
2005259173,-443775111,68190bfd
209617613,27063339,2fd75c6f
1566861584,-576559051,6c984050
955120224,-653346161,c6189ba0
1004824988,-1197818946,f48355c8
-1407105668,2049481498,93d32298
1735415066,1193413333,f73dd2a2
2003334040,-1040751937,32d66e68
899423523,-788634625,1e7f8edd
-1702884501,301485464,6a1df688
82776637,-1305381219,20b34d69
-1618633852,-89423182,8d0b29c8
1651120526,-856155501,3315188a
-560051139,-117944162,d09e1da6
1082607055,1736108345,0a4df217
-2109169612,-1553278287,5e2b0bf4
1675747003,1923125222,63389102
-244407507,-633024471,3940b235
1782322521,-1908124574,6ba56012
-503634882,129057274,3453228c
1279211451,874758648,20d2f828
492995253,1499678971,fd580f77
-295274138,408849664,94512e00
1080237144,494392708,ce97d560
327151054,-1936336968,8590ee10
2061319010,-2084943085,3a051e46
-1696541853,-1022627116,4843a3fc
434380192,-49425737,437e6d60
1982668781,-421130508,b7af63e4
1585571297,393527335,3326c547
404420371,1417425220,79a8440c
-979523832,416528831,c9ec66f8
-558047791,-1452384533,19a05cdb
1735131164,1321389592,376e8aa0
41158130,1961998680,f0ffed30
-1464901272,-1088280085,77681278
1926114380,2067940403,926f0324
-1153683058,970912179,2ce1544a
890150006,1127785871,29d173ea
-247069292,-165589683,91d13184
-1446670690,-1166116183,3726724e
1902629921,-372689364,fb806bac
-610249660,576208563,64e3638c
1641341443,613982320,782cc150
-2123905953,-2021670188,50df9cac
-572344217,-1207000490,207d209a
1829746343,2009169845,3c9ffd13
336942021,-113439462,b25c8302
1214778448,-89606926,cf83e3a0
1168835511,675812694,1239427a
1328539511,768609618,c7c92f1e
963754811,-316780358,d70e78de
1984752460,-2099085327,d83c368c
802266568,1659716872,a03bd640
190314884,-2130231520,6802ac80
487556746,-1564694849,e12adcf6
1849151335,-10978683,c03dd683
-526852876,-8626539,ec4a3204
-483521031,-1141971494,8835a30a
-125936652,1311697909,ad2efc84
-1207827196,-279570133,862c3bac
-1670464464,-1721347968,7d4d1800
-710794408,684787076,ed22f160
-1317912158,-91028580,5c6ae4b8
663231925,109411152,6dd83f90
-1956145472,-1166863297,9e851940
1500139676,2008376925,5a0970ac
311009602,-393779263,337220c2
1636901485,-1111727289,f09cb33b
-1308781665,-710783789,b171e00d
-798114707,-297321962,5e59e35e
-1934229177,1435239977,1301de5f
1148611059,-28830343,f90102db
-424853151,-1883909504,ded74280
1232844954,164039738,5c650ae4
1219674850,-1157738486,441e3cd4
-1830843478,260684753,e78033ca
1063899119,-475799094,5b6c2196
-2033853236,1119944329,a1f5912c
-1343305425,1571260401,dc8c2e3f
1239716586,1379943687,4f591666
-2093743049,1214210641,757b6367
1634354914,-1702242637,d7827c06
-70239515,-1370873200,f9258ad0
-958081037,895525248,a85bcc80
909288839,-593678176,e67bc460
1831968164,-1412522655,33724f24
460619903,203662057,3bb65197
-54371199,-2069466697,f96b1137
1959545015,1693949720,78e17a28
-1108672365,1277229563,7f588b21
1247030476,-308937527,26ebfc2c
460216569,-681124641,4bcb7ce7
-1633494396,-146928458,b1fd89d8
-224246409,1196424826,12fa2cb6
1179616457,697075992,f47003d8
1321805940,-697286801,54ed164c
1467351373,767107665,d227a35d
-474549503,1002354485,82540635
-877510876,-465382324,6c7c8eb0
-968635188,1311789187,32f18c64
-1048860430,-2103984539,a7eb437a
-375861564,-1391142963,00542ef4
-1895221852,-1288214077,ed401fec
-1775346651,1980672639,6236485b
-33612606,-849396763,06d36f8a
-1716777556,285672364,0f763390
605117565,1816595326,e22fe486
1376802955,-1346144014,b3d5db66
345844738,-1160321411,83f448fa
1696048842,1722741232,e37c8760
361289679,2007262153,4d827e87
-907088398,-1134879016,ae812030
-448305144,-1395449710,ce525490
1730455836,-1202796771,d523ec2c
-1889597576,1457944670,3634fe10
1032866896,-1058439359,ac4f1050
-2058981696,-1726393563,a9d641c0
2005797608,-572119124,0b88abe0
-342575276,301307883,010ad61c
1959287566,1027153458,e5eb6cbc
-1507712195,1557466327,5e13743b
-444807143,-1211026894,6cdcf6e2
-454924987,1351055244,604574bc
-1686978171,330169906,de4cc1fa
161348943,564151872,1b22edc0
1319711035,131506148,e8957d8c
1413134774,-1667727092,b6656a88
1650592184,548982550,b6889dd0
-82626474,1701538935,4ba577fa
-244551715,-1624158438,a7d58f72
1474350664,-1814961242,13779ab0
-1860042087,555536776,dfec4a48
-356064028,1994656640,e2583e00
-472072686,-2068395355,740cb59a
41628243,-827025916,65c56b4c
775868333,-1792218571,5f9120d1
1492988064,-672950059,dd687520
882087920,1408358258,374438e0
-864337057,-1633974966,9226d476
-1296680577,-750584258,94ebeec2
929270373,1066600306,b61b63fa
184420028,-722684989,e3849534
1816081906,966694898,c9eebcc4
187667038,1783380194,a7ebc6fc
807458590,-481021521,5f77cb82
263684402,-188597449,3b1747be
1604308283,477660234,b1abbf0e
570352346,-1205773757,6f90030e
-1571991880,-190026531,fd9294d8
-562287070,1945777003,0e4c0e36
785578410,-310738302,46ef1c54
-1428507877,1523861179,6b1636b9
-2029420482,1097457551,0c72a4a2
-1232637742,-362057637,3f46faa6
1351752197,-1145298171,4f153119
-2111115017,767780926,ef6fb3d2
1909980511,1804273162,c9f51fb6
-1497180980,1468646190,9445a0a8
406157021,-2108347954,bc700ad6
1997004066,1312049423,7e6ca6fe
151639440,839817770,33f5a9a0
-730685806,996208774,c567e06c
1484482520,-369227087,9fb13c58
-1678590516,1639095031,c139d7d4
846909657,1489604619,d3220953
-1668490856,-1985514908,2a12af60
1357758007,-1009045779,4253faeb
-1439219393,6682503,d0f23139
-190754489,-234471419,21225663
-1222371564,-636806382,b4d4bb68
-1398172774,2037226654,892cf10c
1837162174,-2093210780,d352fc38
1153746564,-1260382597,771ab96c
-720866994,-1270847063,448bca7e
1320944591,-499998796,9efe3e8c
830129603,-1843160036,79997554
1736513269,-1801581471,14332ed5
1984122851,-326905332,e7d8f4a4
-812058242,-414582692,a399b948
312540238,591129144,09d07d10
-1208296885,-609455874,1dc9666a
1839714525,-965780939,30feefc1
660821813,65271030,7b9350ee
-1295752989,-246503557,37b8a211
-529161406,1083534034,5b834024
-517405252,1372792739,d2f24ab4
-1399725291,-946710563,63172c21
591123330,-1812230591,27f8d002
2080693797,774291529,a37d188d
1215010929,1028840814,c2070d8e
1835625747,-1625679412,5c97c624
-151434404,1228656693,490b5a0c
-1924318406,-2107492961,e06ecb06
1873599265,-1705517702,c3c2eaba
-1704460777,-332390736,2f9561d0
-142126041,66511596,fb8601f4
-830453929,-1489836150,c183f5e6
556590770,1378245974,b75029cc
-1359551095,-1031962049,55370eb7
-83491884,-891558452,f893b0f0
1983700734,854853789,9064b1c6
-1481539278,510391824,e9241f20
-1106189398,-303138441,5f812e06
1690429154,608674682,4b17edb4
1957250587,-375438710,a517c08e
26481911,775114708,904e958c
1655822601,-855478899,fc6f5ef5
2129272631,886539109,438875b3
1674205101,-1471010980,4d7cdd2c
1870191245,-1230428563,ebfafc09
893674843,-833522730,8c7f9b12
398044028,-1395551738,c262bce8
1726498521,-450862479,4fc657c9
-1158985014,-837342687,f6bfc80a
1098480504,-18661904,dfb75880
-82897193,-21143381,8a5fe19d
-223863845,-721290748,48af4d6c
1007839785,728727910,219bf556
1491904357,-684870558,b00c18aa
-1390658430,2007635863,416b5eae
-946335658,-471206205,48cd1582
333508462,-1880322289,fb547972
1297338393,-1112995054,df56b4c2
-899816739,-1094540283,0aa50251
-388210408,529566753,0f01a418
1433285533,1117813699,c1ddbf97
-1732642731,-1821303372,e0693cc4
-381395794,1759251203,0150900a
-1928810250,928852200,4ee4cef0
-1674411663,-746734805,783648fb
1949801161,-2147483648,80000000
-1059053101,4,0380874c
938063757,7,876404db
-2027883385,-15,1511ac17
755353992,-33,32410578
-2000657542,128,6031bd00
144229618,-256,673b0e00
1166176515,513,4a647703
1001121565,1023,73f08ce3
-1772455039,-2047,c27e7381
531871311,-4097,a4e759b1
-797820882,16384,8e0b8000
-1759804671,-32768,3e7f8000
813466939,65537,b5b7853b
868129917,131071,053b6383
60679753,-262143,6a79e649
-1101557227,-524289,b1006deb
354572736,2097152,38000000
1693774730,-4194304,1d800000
576699472,8388609,4a5fbc50
-1559026102,16777215,a6ecd9b6
696686738,-33554431,05869892
625086365,-67108865,66bdf063
1801366107,268435456,b0000000
-1722777949,-536870912,a0000000
-1604600163,1073741825,e05bbe9d
1343486217,-1640531527,5e133881
-1955303465,-668265263,23e91a87
271813803,422033722,0d6271be
1771279276,-1434046645,8a60d764
-132930661,-958546146,d82cd12a
-2000175831,1485759498,4103e79a
1038196500,1829900089,b2f69774
-242760916,-1382319137,87ad2754
-542031831,-1666405247,e6f8e0a9
1542783279,1241898298,f372d7a6
-1645624285,2102577982,875b417a
16923668,1905533582,6ac7fb18
1189054782,1115736594,f902925c
-686457979,724614287,6ba5ab4b
1950818288,1946879174,2ad273a0
427089528,1088213230,ce885390
512542750,156323523,89b392da
712363356,-478808050,e06e5b08
-446431856,-542518938,dbe99760
-2002478482,-469681341,4519c4ca
-2030737044,-1710842139,a11ff59c
-508910271,-275791821,ef3eabf3
690111578,678584238,2cbbdb2c
1662731209,-1975816938,19876846
982569657,-412992604,7f29a184
-1783423969,-941225363,19362f33
1067841575,-491574652,fd8f5a1c
-958646205,-397802932,bd2f39e4
-476413734,-448060172,6b3f77c8
433125662,1321589500,35eec588
-2084895340,-1091223028,92d86af0
-860319468,660477498,8fa09688
4306773,-1561647044,69133fec
1203830798,-478636444,8dfc3978
539000581,-2107415580,d6ff0f74
-2017936696,1734936012,d6e2bf60
1336349625,-1025510538,aee2b246
-520797799,793117730,bc6f1a52
-1013881697,-1281566552,82343058
1605821395,1696074837,f52f890f
1701141361,1824856336,4638c010
-1412721433,-1150840591,e45a1d77
817145375,-538672045,e4d5d80d
-1751423111,-1407105668,f4c2bb9c
-1044862163,1651120526,97c857f6
-1965141592,-503634882,9d0b66b0
-783791799,-1696541853,8d3b823b
-670410802,1735131164,8e099a88
1709796298,-1446670690,ac4c92ac
419557795,336942021,6e35cb6f
2088727181,190314884,250d35b4
198328693,-1670464464,0bc431f0
-1809516048,1636901485,7de04b30
841561202,1219674850,0962b0a4
-950464902,1634354914,8f1823b4
1342063702,1959545015,1e83097a
-1818823248,1321805940,fdfad3c0
-2135652858,-1895221852,e39b19d8
1717894459,1696048842,4f31128e
1343222363,-2058981696,71fade40
-1798224346,-1686978171,558817be
-1440359316,1474350664,e484e660
234153065,882087920,049b1170
1374840351,807458590,c20c00a2
9086832,-1428507877,f712f8d0
-95195003,406157021,536e70d1
-339641070,-1668490856,5bbe84b0
371265104,1153746564,2f5d4140
-547688660,312540238,24a42f68
1663823201,-1399725291,b6087bf5
914072468,1873599265,de4fb214
-467121732,1983700734,3ffa3088
-1820482806,2129272631,d9e03d26
1391039203,1098480504,275aeb68
-1471722504,333508462,bf8f2c90
1160605820,-1928810250,86df5728
-1456474687,-2000657542,05a4c0fa
-1179671347,-1759804671,e7a38bcd
1005419131,576699472,e9cd9a70
2060971600,1343486217,085330d0
-68340240,-242760916,5e6b1540
1603373160,1950818288,2ccc7980
-812099788,-508910271,826aa834
1492566086,-476413734,de5ebb9c
697159346,-2017936696,ece6cf10
-1583303094,817145375,d4b20ef6
1580121587,419557795,7187b4b9
1578413654,-1818823248,01742920
1845133540,1374840351,1c38739c
-827191312,914072468,276706c0
1378265858,-1179671347,e6e2389a
1183799921,697159346,53b0d092
1813873038,1183799921,4ae41bae
-724142424,222041239,a3251d18
-299159736,485931297,37ec2048
-1944979309,-556868920,3c0160d8
-1443683897,792106889,0503747f
-936588705,-1586398037,7ae03175
222041239,1383080112,fbf107d0
611764804,844889108,f68ebd50
772941050,541726253,98a1fbf2
-1254128375,-227805221,73757db3
-770559661,955608266,cb98ef7e
-497672571,-1943311614,9fc4d40a
1565198399,-1170589480,c562bd28
485931297,-751140712,b3886b98
-201189318,-219979438,4347bc94
1897671166,-1523368402,38d50fa4
1468680852,568528666,33a63f08
-1949370985,559983840,f1b85820
-863977055,157769314,212a3da2
-1567448906,-1432073814,95ca9edc
-556868920,-1581196406,eeab07d0
113008530,-1912787928,4b2606d0
2071486330,-1178616477,040ffe2e
594342669,-22978058,13f67b7e
-742582798,-1746636550,c9c94e54
-526928163,1509512844,7c5b3edc
891720311,1179965402,40e6aa56
792106889,1799604831,84af55d7
-313547675,-2083846221,2745b59f
205457428,1331703270,488cc5f8
2104158054,-2142966864,d301b820
-630922942,-1972291468,091e81e8
-1071906359,-2029099852,1c61c554
2111994561,-367685302,26d3ccca
-1586398037,-1507355761,3907d485
472724178,-1871134226,37c5913c
833409125,-1854665334,30817772
-2104886462,-1469047502,5d498ce4
1900843703,-831168296,9f436a68
-2132048077,-1712318987,ee4f92cf
2144419904,230183854,260e6b80
1383080112,325132857,b1fea730
-34836282,-557869181,3e3c7f52
-1719999571,-225422490,9a17cdee
-1061264016,-680276591,44622470
1207008869,197336775,d7781683
240609046,-1928283511,bd0c26c6
2020304534,1084853065,e059b2c6
844889108,1069510443,56ac035c
672363942,153207518,806dd1f4
-372822102,1485611565,a524f4e2
1297922990,-957881755,5147a7a6
-28085704,1807174322,03119af0
548385293,141443073,f6c8f20d
337506776,-1381938703,8aff4458
541726253,-632698785,81a662b3
1293990418,584403331,01c85936
367868325,-650162535,6ef2b99d
1203097955,-147428296,13fd91a8
-1343630872,-637489507,5f116b48
154058740,469889978,7c201348
-129489962,894801087,269874aa
-227805221,-628551903,b5a3c83b
-1904358396,-2081435336,62cfe4e0
-2107465055,618271719,1a2cb247
1088842731,1829915908,f7955eac
-1280365808,-383349915,f4ddad50
-1950056104,-1768987071,9895e758
-1217851802,-95457347,0347db4e
955608266,-698373540,ad673c98
-1603083141,162233392,ad5f6b10
-243972021,973400565,f33672c7
-363970219,-1241320798,2ff1b1ca
-1779355959,519845310,d38c562e
-726962468,1795064182,8029f568
723136641,-402577213,05081a43
-1943311614,1911267649,02286d82
1420930447,1073449459,d6be45bd
-1351286497,-15178702,f532540e
-1011834670,1160015014,9fe8e02c
123791532,1423090619,650779a4
-1400293430,138325284,d0eb5a68
1755196848,45962822,d9899e20
-1170589480,-1568251508,5870ee20
1377284615,-1622450026,7db1f01a
-1706189269,-976168639,92b79beb
1992432722,-8709733,25b127a6
816019687,306208375,1a220561
-1633471196,-563885255,82666104
-1636927983,-66320257,51491a6f
-751140712,6457293,39d921b8
2093764638,-288602967,6410dbce
925407754,-191519180,b7f3c608
367094528,38764636,97827400
128841459,1232530402,98471386
-127920998,1041205687,78bb2416
1928262549,17898270,6d964276
-219979438,920221485,2eb7396a
-1639839600,1925385241,32899610
509198568,-687881515,5bf55108
-1331762990,1261734478,4a9423fc
1851681954,1113223050,64f4cd54
-1234144045,-8778610,5168b10a
-1684806054,-1987611723,13824ba2
-1523368402,754681537,3d47f4ae
-46841698,-259743902,72fcde7c
718021392,-1172095420,39e73040
1894681516,-1730116712,759bf220
1693042344,-528096235,b162ebc8
-22467180,-496146452,e5509070
572685660,-812007906,e910f8c8
568528666,155323987,3625516e
1400078391,1459290128,67250370
1281790876,-420876933,2cec57f4
-1377237935,1435644754,7bb184f2
1935104153,976794865,0afdfc09
1223432099,525950466,37310946
313540590,-1303214463,a282caee
559983840,850443274,e6bb40c0
-519444280,-796257004,60ae97a0
1700438205,-782276515,965c2ca9
-1453881638,-911799635,fda0a552
532669305,827810214,c2bd5976
-1387574295,1460911510,f2747f86
-221094231,1681146966,b224b0c6
157769314,-1588708738,701ea83c
1428250761,441841420,2931b56c
-1913697500,1881652739,760e996c
811545990,-630180009,6b7afa8a
1912265504,-9828550,4a138540
1463247632,-288191885,2c682030
268574572,-1381397090,c6e9e0a8
-1432073814,-91087336,46fcd3f0
465081739,1094735392,270f6360
813264242,145101654,d3d63a4c
-2065959072,1685624205,a9221fe0
-1023696142,1875462914,1cb62be4
-1991120231,454567175,b97d872f
-457421867,-332628518,1dfb9462
-1581196406,-113660087,11cbf05a
-1875357997,-1740612047,44789063
447979584,-1696726073,540251c0
-997400430,-481818372,80c19fb8
-1361512124,-864614444,c91b4850
396578500,-779509824,534acf00
1748080985,-1156251033,e67464cf
-1912787928,1623583045,ad354ec8
-2118693916,1801231935,9ee2651c
-1174378593,-1469175677,1cb7de5d
-111686275,-1292492692,8ad850bc
-1330508736,1556067053,8519d740
-69673285,1441927489,fca0f87b
1507703205,-1101250792,2ac50278
-1178616477,-1984395091,7d5793e7
838857773,1208440972,a924009c
1605464447,-1805764315,6f8cae5b
-1999817948,-1698017999,ea109de4
735809550,223106955,e853f99a
-232121878,1199366866,44c1d5f4
-963249415,-1994443152,29b552f0
-22978058,-762163722,e3d72064
494518752,676467194,f88734c0
2026224493,1330498225,8963985d
-1163523005,1292625653,7dceee1f
-98803871,329078946,b83ab362
666957401,-29038893,df03015b
-1596112193,-1310131180,eb153aec
-1746636550,-1343291276,32e93148
459466991,666121855,a43ff891
-1045961665,-332131669,99fde415
1509504270,1070104971,52fbdc9a
-64755607,1929213333,9be3421d
-1983612497,-140301134,e2f3afae
1934678822,1377786516,cd640df8
1509512844,1310896992,3b9c5880
1792936118,-12175342,c1486ccc
1071042676,-366938343,959a4754
2120993731,1213034151,eb86b635
1186711704,1932757884,7727b1a0
-1820343572,-1908529956,d65cb2d0
-496337215,1800474303,86741fff
1179965402,-483059842,3b48d34c
1897396481,-235342770,789ad24e
-2124059590,-1880474790,309d6a64
-134829199,562955590,487a15e6
138792066,489669937,919a2ee2
-1175048637,-1781546561,beba06fd
726076370,-717211771,6df3421a
1799604831,-933709226,127701ea
362986992,-110946810,61f313a0
-62656148,93238,d19a7cc8
-170589266,-1660392949,971d347a
1875421300,-1850428840,17aa8fe0
1546232599,634054146,23fff02e
-802083877,951590089,44cf62f3
-2083846221,-1822488022,3209415e
139200701,1184994797,1c5717f9
-1156212121,-1819076385,cc7027b9
419317740,1595233556,dc1afa70
163053704,-1941473258,9bc7cbb0
194702251,-1609164947,fcd4b4cf
-1602105708,65469463,87fb3f4c
1331703270,2031143285,5f5e901e
-776408961,2035740267,698c9715
1817170030,-1436345630,602b2d1c
1283030888,325409592,e6e5d6c0
908826990,-711628810,6ba6b1b4
-389016282,164440102,579f13a4
-614674490,903249576,50afcdf0
-2142966864,-2038617304,d34b6380
665205446,-2011337546,296750c4
-1305721263,-183241645,b4630043
-614448208,-1127869799,7b6ad430
-456749238,-30442487,f2f8e19a
1279004604,141549814,81ff9ea8
-1477587831,-1068474322,043e209e
-1972291468,-720694554,48ace038
926353787,-1571224624,a39724f0
-417228274,1352607506,6d86f6fc
-1256922504,-645630070,d067dcb0
1147647375,-1213843330,4e7ca462
-297451827,-457627060,0f0146dc
-398681242,-1696439517,bc6db0f2
-2029099852,1771056258,87de1368
-1693333880,-1687516212,c5460c60
-1740710340,1659339937,aa44b3bc
-233201168,-1467655195,4f2e2bb0
-1675306729,-1193846763,53f6b6e3
-1630884835,1542456783,056dbc73
-674111176,2019215263,9f1d69c8
-367685302,784701940,1a55b488
-587101351,-1729192395,1a10c76d
-12564560,225798818,d7cc3d60
1885665255,1022410685,dc105e8b
815229540,1371714877,e6150dd4
1151369713,1017725692,33990b3c
2074267786,-1838166169,84f77d86
-1507355761,-1136527301,1d6089f5
-1993313238,754581766,109ae2fc
-28082354,-348958342,959c592c
-403756657,-1470436067,23d71833
1209680040,280619966,d63e34b0
-353006099,-1249070934,073f2f62
222022305,1672889614,285879ce
-1871134226,531880583,703cf082
1588292219,-459096439,d09945d3
-1436531269,-1779856103,f801ce43
425749134,406810865,9b546fae
-1604488169,108709880,dcbc5748
359526578,-245894254,f2aa3b84
-2004012493,-1965866688,db147fc0
-1854665334,49849253,d61b97f2
-1105399870,1203645058,0a039484
-2039096426,1826948589,7d9437de
1124002013,-1598836322,8adb8566
435454774,-168452160,958ef280
894125528,-1087500286,d3c40bb0
790991040,-1029141933,07356e40
-1469047502,-1501509433,8af5c1de
-1717080816,1051675037,67b772d0
-1280457884,-985656474,49bc45d8
-223928590,225242690,45f2f664
-882789509,-299635441,41b36335
-1383496530,-403854112,148f0040
1748987230,1265662505,4f67500e
-831168296,1197356986,b066c4f0
-462518025,-582183324,e3c23a7c
1877476582,1870669926,0435e3a4
1464681796,-1824034852,c94c0270
1085522099,-259941125,e3de0381
-1136859907,-1831372561,e2ab6033
1810556169,1541054506,c059337a
-1712318987,18623551,81a7834b
-17927488,1231568318,6450ea80
-878996968,-1420492810,95e44b10
854691949,-9899072,c08bc8c0
-1693124633,114401402,d0858416
1066843460,-1302369982,bcb9af88
593970707,1454753356,504a7fa4
230183854,-248380831,c97b10ee
774904439,-1816761862,fb6ea736
271100441,-849526515,f555fc45
-298492345,-785121070,8533563e
-1335350951,-784321517,3f61259b
554057912,1857290861,ad8afe58
-560990943,-667700927,b89c0e61
325132857,2058687766,fe749de6
-592995117,694105327,09a344fd
867616159,592692429,2836fc53
1444739270,1148160419,cb6e5c12
1392614408,-606818003,c2c9f568
2041297247,-1957275244,e5a331ec
209219145,956000309,9b4f7d1d
-557869181,-266776541,ef55a6e9
294830762,1488866781,3a6b2ec2
349577816,524119802,32d759f0
-241353544,934105441,dd2239b8
1433321120,-2117835848,cdd0e300
1484530307,-2166870,114137fe
1234516238,1874439856,507cbda0
-225422490,1748691469,92ab782e
-826913576,-2070064200,2e694340
1031796493,-705341464,795e4ec8
-576302128,830287583,b3826230
1970371337,1557314267,14dacab3
-1840134859,-1448779855,9ae104a5
-2121476986,2137373051,571cf262
-680276591,1182153640,7b355228
-69281577,-493714356,26953bd4
1953450263,-1904405276,d70de47c
155645461,-381314907,8d821389
658223961,-1776787418,2c75ff36
2002753081,-29001481,0701a8ff
702165209,1161009262,c0fcd53e
197336775,-1028610134,0f764126
1430810739,2005674188,3b2f93a4
1022235140,2145721740,63d04e30
-979194805,-1574090299,387ef8b7
1057560153,1540152779,466b8d93
379320331,-386840153,b3d4f22d
1808260678,609047796,027cd2b8
-1928283511,-686643858,920c73de
-349586920,-1073016652,f40058e0
-1992055308,1451413136,e37fb140
611053681,1395204458,23c91fca
513725237,1305241259,fb7a3267
1375668195,-298557631,19ca3da3
-1093494045,-1761931580,7c47ffcc
1084853065,77648355,f2ad1abb
2082050044,623063399,ee4c2a64
1014979682,-2115296923,791e14aa
-873493287,-224472737,4fd06d87
909553671,1090196006,3b5b9f0a
640088789,-1725339206,2e509bc2
1834918937,-581370634,40124c06
1069510443,1793562710,321de072
744998575,200598112,281cffa0
1340217938,-1105877851,5a517eda
2042268603,174263163,d7f32bd9
-1357705496,-479730038,37027910
-78103487,2075676868,8c1a71c4
-1115994276,-1219114762,d9c27268
153207518,-1051949498,63237cb4
462487449,1303512965,06b3f97d
1913477966,1263787847,b88744a2
-775065029,-686732898,354a536a
-459724541,-15299759,00fc9af3
-1944911816,776297769,753760f8
-1677121239,1921937937,87adfdb9
1485611565,-41530667,b071f171
1858765333,-1195915371,fbff0939
-1533068533,-1794981381,50b82ec9
-1840666612,1877272571,c38a97c4
609555292,1456809150,f1694e48
-1045700040,1313975879,2e25cd88
351083245,863499590,5ec52dce
-957881755,667986614,ba4205ce
-1381389393,-1414131737,98932be9
-94023518,-1392740265,cdb2570e
132934563,634850786,f5134ce6
-396839319,952146288,72948ef0
-1220107881,-696359031,42223acf
-1254497375,-1891284100,071f6cfc
1807174322,-59925948,e568eb48
-90349682,498725712,d67fa660
371221582,-898648813,952497ca
1840058440,621864782,00ebedf0
-1570266480,745657265,36341590
-1132766146,2096681221,c8c76b36
2001894984,-299347024,72e82980
141443073,1513244838,53afc8a6
1231161728,-1957211709,a52ebc80
1430433134,-906684666,556af294
301221687,-514729015,f11ef72f
704194572,-1151692040,9a6da3a0
494383041,578111021,dd4daaed
-1128742860,-2106567980,f54fd310
-1381938703,-729329840,9a4f7a50
1968324559,-331656860,63066bdc
-1382940270,1495337769,08458662
67293292,1573356647,508d8b74
-538883992,898487733,24ceb988
-978982293,1193992554,cc491b4e
1508845862,-954077388,63e4d5b8
-632698785,-1253044489,6ed585a9
-409073574,-682038774,f4be9784
-1688172467,308591524,b57b9054
1138827982,813143886,47e21cc4
-1331023954,2091213469,81c5d9b6
-465725033,2140283488,469da6a0
-249429579,-283304794,40bde75e
584403331,-968019923,8bad7c07
-1727207578,-592120511,91735ee6
646974549,2136849982,e5eb1296
1579898911,1013486929,1698eccf
-1305960881,-418435205,9e3590f5
2085168142,-1877040992,7de348c0
-1804721797,-1843068337,a7064af5
-650162535,626018885,8798693d
-905315539,-683459118,a4d0c3ea
2011888051,-434327450,74de8d52
1545819031,850158571,e535209d
1778408099,419982453,587e307f
-97510897,688426260,41944c2c
-1959743906,1636944212,461f04d8
-147428296,280703330,9a742570
-1679044696,441088545,90ebd4a8
-10235882,-37797055,f6379796
294740892,-365248483,318548ac
-1059461426,1671305242,20e8c0ec
351080864,-3768746,b810abc0
-620769465,-1371624934,92d23336
-637489507,2000738584,a65373b8
756915296,46638190,a986b140
-753786958,-899703841,0d08620e
330996601,278581611,aeb6c493
1076114008,-2133505746,bc1423d0
-1947984592,-1356653213,be15b990
436049309,-115341654,9c870842
469889978,1999520364,9314c678
-166344584,79535979,43355228
1015886942,1037007909,e3c81996
1613872287,-1558579932,c909b15c
-294915479,1481623937,cc2097e9
-1024989174,-1978912731,eb7e6972
-362804495,-1154431018,acfa7c76
894801087,670778609,e158c3cf
617509293,-1613417371,7c7afd41
-2040261252,1773200993,78798bfc
-541195269,416909377,a91f5abb
286047033,-849427940,e733ac3c
421695607,-578765509,461f266d
1009093771,433016287,e7603c15
-628551903,-45269230,42492f52
938660633,-892541825,f764fd67
-504798779,-1311161659,18ca0699
-757337557,-848556479,2a3ad6eb
-1717886668,1802278099,07fe6ddc
1357377504,-616687023,dfffa5e0
653680185,-917256064,4246a480
-2081435336,812504383,95f014c8
-1675964465,942772529,1f75059f
1891594383,75187836,46369f44
-706753012,-1076145843,5cc6c59c
-1285460310,373422347,2efd1b4e
-1924544267,-916135252,edaf4e9c
-519903679,519271926,b9b7f776
618271719,-1948695082,e178e61a
703738753,-600387488,3de22060
-2107684618,64242662,5f6bef04
-1841995211,-1526237795,e9127381
14094694,83594988,b8ec9e08
-1649047271,-1453057507,5c4111d5
-1372163632,-1610166796,4fe80a40
1829915908,312493619,26346fcc
818797051,1306199423,341a0a85
-577282942,1524434078,b117203c
1031983882,1170153721,551684ba
-930097697,-1812049216,bea3d540
1301912423,622873918,4ed19df2
305730236,1950234264,955ec7a0
-383349915,972164150,3f24234e
1476767896,-1610388801,1925b168
-821879365,-1182142677,ba5a9369
-1527436330,-2120325664,f4e5c940
371964270,1043348055,d97ef062
-1475624259,346137907,4bb89ca7
-219151955,-2020942130,c0d75f36
-1768987071,-1772188205,b5611493
424524512,-613946766,218df7c0
-338607269,-1189380073,af138d2d
1337041805,-1573406998,7ff0bce2
-2056460360,-1561275442,cd1f1e10
76161104,98823937,2fa4d050
-1150875556,-1908332408,cf66d0e0
-95457347,-687308290,9b071a86
-653673861,172681346,bd7e2a76
-1422140755,247260124,476353ac
-926372189,501113389,067b18a7
867268259,1436839463,406f1cd5
-829882396,50722403,30540d2c
-1886606775,648734768,4f2c15b0
-698373540,1848395595,26166cf4
-1935531911,-365486755,089280f5
1384542358,330318488,31f98510
1182841538,1024910379,c4a02696
-1044996028,1453159024,34f865c0
-1726621322,-963184079,52afdb96
-56577000,264970339,ffb0a548
162233392,-184721470,7279ec60
-2055093957,-1410255117,6a77dd01
-1306784129,-1211289324,adaa70ec
-2102313226,-1770815564,3f5e4ef8
1986149375,598411306,6e52cfd6
-1116921770,-1398644007,964d54e6
-1874136610,1328524481,0cc3805e
973400565,-637222154,c3d87b6e
-1921517507,1941975385,b9f8fa35
-1711591544,-61519659,6b84cc28
-1134589128,-1368601491,233ee6d8
1361290587,2058176441,a21dbbc3
301735658,1538731900,4711ef58
1923114327,-104583201,81ef3fc9
-1241320798,808547404,2fd37018
1419949918,968365350,a2c1edf4
-479474046,858621300,41fd1ce8
-275964409,1479007719,f6532351
-747326382,-1022138054,9e7c7c94
-1032698892,605120238,208264d8
725634873,-1315303643,1639ca3d
519845310,-1352464346,2597ea34
1960343125,718906761,4c291c7d
-1934706734,-1593795598,d875ea84
-873777948,481993608,75494520
-1117177295,428192636,571d72bc
2101392249,-1279199540,31c54a6c
-879674585,1089481293,42f330bb
1795064182,-385666760,08d5e7d0
-1986231818,2077269326,b34376f4
9486745,113834187,83ddbc53
-1184116501,-1694717956,e0bef454
-1067154598,-1278783118,8347f814
1667224372,1178928696,20ed6b60
266490817,2050013199,48a5a04f
-402577213,-472496389,c64a4931
-1628605081,1779496165,7ac03123
-55218154,-2122001093,156b2312
1837296530,-1971462357,2a7bbf86
-295407072,1144345562,b3298f40
1473233585,852291186,f89140d2
755018375,-148785255,9bb36baf
1911267649,1397543052,b22cff8c
-281067259,-127093351,fbe264fd
-1027088549,-1515086159,1cf697eb
1207880008,1997438303,99c4d9b8
1760395103,-1284378580,5629f454
-1707367120,-921465085,1288bf90
1463510902,-15294574,13474b4c
1073449459,-117847066,87bca152
122045390,428212349,29231b96
-2084519175,276678751,406fe267
2036313520,1528258883,2faa2510
1019905851,1728392809,b4851133
1238916960,-883373182,fc818ec0
942487381,-1961595592,04174b98
-15178702,-1104697036,4ab75c28
-1274868997,-264473870,68982746
1157779430,-412060046,4a7b986c
-12080863,915762040,037d1278
2035460875,1854726182,9bf303a2
268834580,1235023791,989e12ac
1941899501,-1135749633,f9001513
1160015014,1229055775,2998f21a
-2067048114,-1767793144,8586ee70
240876282,1013593258,a13e7204
1270387784,340187824,68db4180
-1995858366,71118630,d9359bcc
1050923520,973711053,c55b2a00
1205992300,-381122057,4cf66134
1423090619,1143766166,8ade8392
348423192,1464883391,7b86cde8
1179424713,-1779944278,c8d99f7a
2073991447,-1541095954,47b44e62
-1578245173,-615601229,3158dff1
122167022,-584119708,cd1360f8
-513146633,276898503,39fe8e01
138325284,1479085810,537ba408
900480355,-882044753,18bb26ad
234581712,-1243288019,f777da90
562562209,776120274,5c1ad312
1922399418,1030512269,f099fe72
1280874047,-1551344994,31f6e0e2
-515953819,-1959005523,c5fccd41
45962822,1940026710,7e54f984
74430975,-309816649,c6696349
-481370182,-346283298,bcf4b74c
1616377237,-649530428,a05c7514
1183927894,96391773,a6e0013e
-1921840657,1698343743,321816d1
-1975442658,-1960044847,cb5a3f7e
-1568251508,-665731688,b31a4720
1268243840,698626199,761ba680
-1669845920,1715303312,d2681600
557117400,-1102606029,6e4d2008
-83293714,-608189914,1f6fd554
2114169118,307246315,6116568a
2069368289,1394296600,65d5b418
-1622450026,-429842747,c728e76e
450902201,-32181981,be81ea4b
898023239,556991618,8b8f3e0e
-1519149923,-711124945,e43178d3
-482229358,135337262,c78e1e3c
356416911,1560319546,60ba3c66
-1095406794,-711456067,783042de
-976168639,-581494114,3f0db01e
444185435,-2096931376,7f0948f0
1224156916,-1,b708d90c
-38122449,3,f92ee48d
-1199639492,-8,3c085e20
1756510806,17,f3d5dfb6
-1441097666,31,99386f82
-8709733,-63,20b4b2db
1745515488,-129,92bb9c20
-1921972938,512,e20a6c00
1297314829,-1024,b22fcc00
-2062641314,2049,f9c9875e
1483381355,4095,513c1595
1859866134,-8191,05188e16
306208375,-16385,d621e189
-470992435,65536,39cd0000
-742253820,-131072,c9f80000
1105539,262145,7a1cde83
1426993255,524287,2e29cf99
-1038931415,-1048575,1f832a29
-1812802406,-2097153,d8cd2b66
-563885255,8388608,9c800000
1408677366,-16777216,0a000000
-431964709,33554433,9c40bddb
-974251637,67108863,6611e675
637847773,-134217727,3e04c8dd
2083272578,-268435457,63d3c87e
-1748518104,1073741824,00000000
-66320257,-2147483649,83f3f781
149872986,1028477387,e4cc2c5e
1790271712,208597874,cff9c3c0
-1556081636,2073254261,e35aeccc
1341669772,626884110,9bb27da8
-344652264,-1939012228,0e056ba0
1465151814,-1969216221,acaa9a92
6457293,1201474387,7f80d677
-857385200,-1525056245,99ed8db0
793833847,1744409237,71916843
942970766,-416674254,d9db5dbc
32295774,700699107,fd9a125a
-386291061,1134536946,61436f66
1651082594,-625160769,5481fe1e
-288602967,1099549042,60504442
-1286347210,-140333396,4b036048
-257169193,726295640,4d3205e8
202034043,-473021138,e0c2b71a
-206455059,-560522975,e959c18d
-932060129,-1501356675,9c50e623
-1441293113,92561790,63a290f2
-191519180,-1189589325,c6270e5c
-983482530,-2033819345,4c914042
-1615104048,1707474088,a0076080
1151557576,1391044968,f9a1f140
1152258559,-1773187455,9ce3c37f
-1278750601,-2001008445,aea482a5
800105271,194653559,c3e28991
38764636,-1046743221,75d75ef4
-1950347082,-1357996364,215013f8
-1655990593,1596463070,a0efe2a2
-913381562,-1011898347,bb58e8be
-241785377,-1764574057,dc999a89
-1235569783,1151696075,a42fb9a3
-148847177,1721986827,a1a7d7dd
1232530402,1433905735,08ad7fae
-2028976062,643819719,5ba1fb4e
-1844351155,-1210005453,26cd5457
116809400,-845083706,e2572a50
-1009718056,-1226183600,ec392380
-2111516266,-425802691,51d0c8be
-1426741201,-1216001412,cb060cc4
1041205687,-1243117659,d8c443f3
-1090411698,955120224,794d6940
-1101380813,82776637,3cd89927
-449943507,-244407507,f5d2f6e9
-986381902,327151054,d087273c
550737553,-979523832,f9c24b88
1726404116,890150006,f1f2dd38
17898270,-572344217,8fdb7912
-962401580,1984752460,f4de52f0
-142976505,-125936652,76104bac
-1359206098,1500139676,79937808
-2116982074,-424853151,6843bb06
620173738,1239716586,0be86964
2049831659,460619903,71bd0295
920221485,-224246409,10af86eb
175366800,-1048860430,596aac20
-274789553,1376802955,ca2e4be5
2074460361,-1889597576,4f8edd38
676031687,-444807143,8fbd176f
-626967169,-82626474,cd0b70aa
-1517193543,775868333,811ad205
1925385241,1816081906,64099ca2
1434069276,-562287070,7f2c7db8
1907882905,1909980511,dd6b92c7
1714869305,-1678590516,0f41326c
-943144210,-1398172774,0dd1ed2c
-662542379,1984122851,946bccdf
-1619560672,-529161406,9f461640
-687881515,-151434404,612b6b8c
-1159178361,-1359551095,ba5c9a3f
-185853101,26481911,e0ecd915
1013726600,1726498521,c3d35848
1189154506,-1390658430,ddd8da94
981780051,-1732642731,a831418f
431814606,-2027883385,4a9705a2
1261734478,531871311,b6142212
-1657856564,354572736,f5ca4500
424549195,-1722777949,e89a4ac1
1626398800,-2000175831,3a5efcd0
80122992,1189054782,5b17e320
1041068774,-2002478482,8c3dbad4
-1444686250,1067841575,e8c6f71a
1113223050,1203830798,fdfc198c
186479015,1701141361,194887b7
1160830223,-670410802,9307fb12
1255024667,-950464902,dad396de
221568374,-1440359316,5eacd5c8
-382429465,-547688660,742198b4
-1240975855,1160605820,d99ea03c
-8778610,-812099788,a55eced8
-1850966489,-827191312,c6388d90
-57813359,-1443683897,ff8d7bb7
1859122143,-497672571,bb87d4db
1694881710,-863977055,6f46d26e
-112376210,-526928163,f2aa00f6
-1802101528,-1071906359,69599a28
-1987611723,-2132048077,8b27800f
-1828217548,240609046,f7936e78
-155888554,548385293,02a3145e
2138300163,154058740,1b5dcbdc
1580554008,-1950056104,f9990840
-1387188530,-726962468,af7abd08
-2104878429,-1400293430,71ed099e
754681537,-1633471196,5127e824
-1746840371,-127920998,5d0d0752
707680995,-1234144045,eab3c519
-856949383,-22467180,56ddcef4
216225857,1223432099,459b0863
1224743078,-1387574295,def11116
-914384926,1463247632,5f43e420
-259743902,-1991120231,d8f4d592
2041492384,396578500,235c4680
263273570,-69673285,31841796
1951943562,-232121878,d0b98624
135980157,666957401,11a98d75
-884327265,-1983612497,8f2297b1
-1802591353,-1820343572,b0640e74
-1172095420,-1175048637,05c183cc
-1147933913,1546232599,b642f581
1475063016,194702251,0db576f8
209479664,-389016282,01fe1da0
1349946367,1279004604,8d06c044
-284254950,-297451827,7cc219d2
1112518970,-1630884835,b1de0b92
-1730116712,1151369713,acab7a18
-1866860003,-353006099,4aaf85d9
1738877377,359526578,8428f832
-1982956752,894125528,f47be080
-211482019,-1383496530,ecc9ff36
-1664556435,-1136859907,f9bcd9b9
2031316971,1066843460,eb7c396c
-528096235,554057912,e6bf2f18
-132668869,2041297247,656ad6e5
-515408544,1484530307,80bbe820
-1034676109,-1840134859,449c8ecf
142621260,2002753081,fce982ec
-151018573,379320331,c2f270b1
-2060221134,1375668195,04217956
-496146452,640088789,b18bef5c
-127696850,-78103487,8d1e53ae
207149437,-1944911816,33b69358
-1121554290,-1045700040,8c9ffb10
809501519,-1220107881,1870a299
-827502997,-1132766146,979071ea
1485476226,494383041,d75d9102
-812007906,-978982293,ec5fe28a
-823121576,-465725033,d255fae8
1813833968,2085168142,a6c67d20
-1814008472,-97510897,88c2f918
-1653286169,351080864,df6d2760
-184953799,-1947984592,31a63fb0
1126173919,-1024989174,462398b6
155323987,421695607,77c95895
2085085368,1357377504,1fb86900
694991650,-1924544267,adf3a78a
-1815189592,-1649047271,36690768
-1937784536,1301912423,5a41ef18
436199911,-1475624259,6807d58b
1965571739,76161104,cff4f070
1459290128,-829882396,651bfe40
-132991922,-1726621322,9bdb39f4
-1674069830,-1116921770,6b014e7c
-725534750,301735658,21a19094
-2135345316,-1032698892,88fdd7b0
-898771798,2101392249,a61c625a
248652427,1667224372,c7bc953c
-420876933,1473233585,c129680b
-251563291,-1707367120,5c1a23f0
2086219130,1238916960,e24153c0
-1002497029,268834580,5853bc9c
203047245,1050923520,c3982a00
-1846469761,122167022,24187212
-868396602,1280874047,151123ba
1435644754,-1921840657,3f21cb8e
-806498173,2114169118,480dea5a
174260349,356416911,83d04ed3
366941090,1756510806,5a074c6c
630669123,1483381355,ec03bf01
-1126617520,-1038931415,f0518ad0
646230171,2083272578,7ff6fbb6
976794865,-344652264,b6b39c98
-1798362367,-386291061,1b04038b
443062682,-932060129,7871c1a6
-555564912,-1278750601,37cc82f0
345613659,-1235569783,48d61eb3
1910745864,-2111516266,b727beb0
-934529647,550737553,61104d21
525950466,620173738,87749f54
-168650842,-626967169,8ce1c95a
-1363770660,-662542379,e039650c
1667584451,981780051,eda25439
740644751,1041068774,5ecd587a
-1338960526,-382429465,dc0325de
-412306705,-112376210,72853cb2
-1303214463,-1387188530,0e6469ce
-1627071389,1224743078,ccd03032
1573633423,-884327265,324e3fd1
-1252922327,-284254950,d965212a
-74303998,-1664556435,9a7ec2da
-1611290423,-151018573,8973ff8b
-109429427,-827502997,e7ce152f
850443274,-184953799,12cc263a
-1532207188,436199911,2ff48034
1582630194,-898771798,b70cdb34
232328930,-1846469761,c802381e
-70823367,-1126617520,0d60efd0
-1643227372,1910745864,8f5914a0
1974723278,-1338960526,3523e5bc
-796257004,-1611290423,f263acb4
267702408,-1643227372,c96e82a0
-860052833,1238493793,1aedf43f
-1652789945,-2109651694,693ad1fe
-906299479,-1571853152,7c7d15a0
1238493793,1817540281,d8f01619
-489908790,-565168213,6df673ee
-782276515,1470020918,9e92ac9e
933672065,-883096262,bb286a3a
-1154689088,-1306920247,52a6e5c0
445543591,110862295,5334b141
-326397211,-1726678228,d7e7c65c
-2109651694,-871060305,a26e4f4e
-2146002071,55003550,d563dbce
-911799635,1081805223,cc770bdb
75453777,9805940,472a48b4
1187472251,-862536840,21337aa8
-1560612904,-1318515994,f269ec10
1076265936,971371771,d4757cf0
-1571853152,-361401578,85bf35c0
509825517,-1325237250,5fc22826
827810214,-678236890,530b2ca4
630554920,-1299355968,b49ece00
-2133901291,-1868309836,aba9f0c4
-1380533952,-738270870,13f9f480
-2116627935,20636617,2a783ee9
1817540281,1050634976,b8d77be0
832821077,-730494481,d40b855b
1460911510,440769505,d19172d6
932567762,1127006612,aeb2d368
-1434550763,-406239142,756b3b62
1663785970,-1327643200,7e302f80
-590147333,-36186488,121fd758
-565168213,-822613475,d1f59c5f
-791963423,-2142154506,229c3836
1681146966,-1807884569,beea3d9a
129004083,1015337471,8c4963cd
-1066724778,-1031626158,df924b8c
-1950065582,-1010658303,7d47c452
-1949434561,1849017491,7d37a72d
1470020918,-310756317,58c88662
251917422,960258739,cb1e04ea
-1588708738,1125296360,9c23b230
-830770475,-1938097415,99b8b32d
-1594553279,1385046006,f603a576
935329703,-1624445253,e2a100fd
1805461424,1964815784,83717b80
-883096262,1888550288,a31d42a0
641468735,1393746164,0cbdf00c
441841420,129847446,036e8108
-408783105,-1870492605,561698bd
-1262991246,-897955618,0682e2dc
1606748661,1259574307,85e1007f
-52588458,1476007709,bb0d13be
-1306920247,-75482094,141abe22
16543499,-1466076624,ea86b810
1881652739,-2024088103,c2c6a78b
-1322860787,-1078434151,549f5cc5
1449702547,-255663815,eb6b67bb
1111046588,336988681,366c5f9c
1811886301,-969316210,629be296
110862295,1785911637,4fe75163
947712926,-1489713884,a722d838
-630180009,720836089,56a0f69f
1555819914,1801644242,fe41eb34
1346096515,-797382865,76d3f00d
1253401432,303941844,04cb04e0
-940861498,-248997959,8cb67816
-1726678228,-535875615,9d21d5ac
624066586,2013946478,81c0ff2c
-9828550,351960010,11c691c4
-259992225,-2080694869,0f5f4975
1789873873,-1095645368,e413a1c8
1870531604,-1542033376,eec24280
897693735,971660313,da7effcf
-871060305,-1090464753,a5370a41
-202549064,1646552287,1c482848
-288191885,1657805901,5fe83897
459790132,1748617480,6dca8da0
-474533926,1402928614,d76b6fdc
-641824172,1504544132,f2e0f750
-679335309,1496498847,c379836d
55003550,-2099333819,5c478d96
1284250353,389300015,a84e413f
-1381397090,-811945535,1aca021e
1468699280,-1154363848,e5cfef80
1653546220,1891938850,fdcdef58
1623865344,-1874420171,286d9800
-1951222050,153708299,ffcf2d8a
1081805223,-477827613,24252a15
1237576820,774687490,6bf7d4e8
-91087336,1588023252,09f253e0
930123238,2114531940,d4c459d8
-1741831219,818984372,e22d9d24
-2081634888,939716433,95f15738
-1151823562,-1380285532,5647a898
9805940,244927439,8c52b9cc
495853242,1770515084,8fe4d1b8
1094735392,2028044538,96041b40
-15218737,961555747,960fb44d
355463838,-1730124860,ddc8daf8
287990904,672829692,b26e6620
1889747921,1887874261,58cdd8e5
-862536840,782652243,5376afe8
-413254830,1354408592,801f4220
145101654,910568773,f3ad542e
1712264288,1294305281,3ac21460
-1486582737,1121275858,18d87f8e
575097112,172655458,aaa14330
-1892054903,186890658,c3ce67b2
-1318515994,-1086468604,7f373f98
-1347692144,-564137308,9a318040
1685624205,1650067609,5e4fc945
1466599258,-1618086834,9e09056c
626773393,-1110145670,c8a04c1a
1466703062,458052187,f308cc12
-286081628,1471248812,211dee30
971371771,-842499210,8fcb84b2
-1617658467,672170267,09c55c8f
1875462914,1556354014,06a831bc
1174391871,-874847591,8ad6afa7
1302029577,-19621910,3216a93a
1313961484,604264120,3064e0a0
-142516848,-611672727,7a10b010
-361401578,952449436,66200768
-1404615653,664276265,c2e74753
454567175,44577217,66e24147
800226763,-416119738,d2511182
138471103,-1897572989,20ae7ebd
-320620045,-362826789,0101fbe1
-1086217009,-1579726351,5da42ddf
-1325237250,-529683667,d16875a6
-147420565,-934710793,a93bc83d
-332628518,-656337229,8286bb6e
-340140359,1807125228,2bef0c8c
2105040346,-1093311910,12a072a4
1302806770,-1880491109,4b339886
-1740994126,953859440,02d8a7e0
-678236890,2007367133,d1b347ce
-1921925669,-473932547,3ee3556f
-113660087,-382624306,eae3d1be
1797278912,-554429664,70bbd800
670922522,1970568659,92d8dc6e
-1433703365,1110452751,5efd0575
525347669,726881778,8bbb2f5a
-1299355968,1208793500,ce6b5d00
1582651099,353730001,c60bd7cb
-1740612047,1683520597,3fd70245
-2016408654,-1157951640,28ba2e50
-1809207146,670979346,5164388c
-2099151874,298011166,d4bdf3c4
-978948643,-1319119387,d94c27b1
-1868309836,-662614834,1d7b6cd8
694292604,179121600,423e2900
-1696726073,-1087989910,1cb1f166
-1370938629,725081230,338e1b3a
-752417316,-1561532403,b51aac2c
-326887607,578922084,787b6e84
-1695811977,-2116249958,399ffd96
-738270870,1210893054,0bedfb2c
156492910,2033743221,90cdac46
-481818372,56832346,1e7f6498
-102625929,-1843583034,195e8b0a
459133489,-638351384,54615368
-1826356079,609656082,5c0b3f32
-848032463,-2086395247,4edffac1
20636617,-1314257690,42f1ca96
-2025070861,-1755172269,5d2abec9
-864614444,1228828071,69535f4c
32697049,-650464909,faa9887b
-2069323587,1388371138,89ac3b3a
-1508474925,330708335,353a1b7d
-86390295,538059917,1cbaf955
1050634976,-1660929947,f4462a60
-1329351127,286391812,c38486a4
-779509824,846439330,7d0e5780
-633445663,69289237,fac5c175
641978103,-312352077,b4b6c4b5
1398685977,-1616648194,be2d25ce
-176845973,2041244231,ad1778ad
-730494481,-1002446316,4ac4c4ac
-681242110,808851447,138e8dee
-1156251033,1667204846,a60325c2
2119825967,1733358955,03ba8ca5
-1005760225,1989914128,b5bd23f0
1929033839,-949398524,fef64dbc
-1593880633,808692998,838a59aa
440769505,-1582393258,9bddf596
1516668186,-132416178,d3f83fec
1623583045,-1578819454,f162150a
2127929552,-1208479926,a7acac20
1637120443,1640903080,4436adb8
-80162467,-412809717,a50a2cff
-1065317335,95970351,18d1bf87
1127006612,-1641762132,d17af770
207707396,2054676023,3c7073dc
1801231935,-912224298,da3179aa
604228121,1819451233,8b171a79
1147155303,959011166,b7b0aed2
-1705123411,-1994324540,b1962974
-1826098601,-1668547682,967fdeb2
-406239142,952111924,f8c16048
1214714545,-1704669657,bfe246f7
-1469175677,1457352065,c1d93103
1678018377,-1012693574,c40e380a
-1639026467,1000141713,d53bb42d
506175215,-1557573999,0268d75f
-1725767802,1711849329,fd59a426
-1327643200,-658490794,f94dee80
474901732,-809334107,660716f4
-1292492692,2088500132,db5aa930
167043714,-614519877,ac2b4af6
405621825,2143221010,e4679192
-1672853026,1915153995,ad64080a
734316774,-767514245,d5ac5c82
-36186488,-1756461104,a6f00680
340000146,1387672199,012d3bfe
1556067053,-709981323,47d97551
-392977206,-1309636919,0b8e1e9a
-1916307264,2134589195,42897040
885499159,-1276161954,fa5ece72
1990735840,-1999940870,10cc50c0
-822613475,1393008799,4c178803
1426895601,-842990702,26705872
1441927489,806262927,de043b4f
-77673878,1159285995,3a75474e
1142750412,2103782311,a5db2d14
802029157,627385262,9ea3b7a6
1672290938,-1926713969,4312b426
-2142154506,-506190804,bf148248
-1785059844,-224378440,9ff04920
-1101250792,1923583024,fc74f480
641419231,-1550076794,32956aba
-1204418100,-1933331153,0d3d0874
-1456214662,-529431594,96c7f1fc
508458497,1531675230,e606d65e
-1807884569,-2132542714,49d4b66a
1611238147,-238502144,8c0f3d00
-1984395091,81412366,7a1d6676
-378183547,1602336807,ec464c43
-731425576,737548059,7f155ac8
24865265,-1250904734,9195f342
-1800122903,-1476072588,04dc3094
1015337471,116414596,b5bbef7c
886748731,375002132,5a10d89c
1208440972,934689199,e744b3b4
22905717,1585762757,239cae09
-2055984951,267259928,774e62d8
-2071067478,1379879848,3266dd90
846431766,1688823979,be2980b2
-1031626158,1131827759,d5c6110e
252248842,686408147,83d20b3e
-1805764315,885624762,d06e2fe2
-883991531,-435965668,0d97974c
-420549790,-1236289311,00695122
1073867279,-807899007,b505818f
1017366418,1498125883,2a748aa6
-1010658303,-1483836485,272c8fbb
2043463139,-1807264889,bd19f3b5
-1698017999,-135879066,7bae8786
-839738198,-1095576575,d1e364aa
-1405733850,-922157995,0084b89e
-422925174,1030753468,5b4d2d58
740691334,-1847408132,2c5f85e8
1849017491,773526547,86da12e9
-520712253,-1456846347,ebf4309f
223106955,-350738056,43d64c28
355034833,1673135656,cdbaf6a8
1852915890,177806547,08cdcab6
-1448056402,2112872490,d2db968c
1768374063,2016297753,b3107897
-310756317,366452314,4e7bbe4e
675249317,-334311314,c0279ee6
1199366866,2102197133,b284d3aa
1158816591,-1099168177,79b0bf61
1210180335,-935422786,ce3a9962
-791735021,-1334267185,c501405d
314020664,-1220146228,16ecb8a0
960258739,-1022585216,f96a3b80
-937798485,-1232016843,b107d567
-1994443152,-337549322,fb555fa0
285549144,-462567633,1d1bb628
501669513,-1887954458,405f5016
-1159568654,-1906406906,fb80c5ac
-1014233133,-1036429514,7a2d5b82
1125296360,-502885774,48138750
-1721621567,1258159719,35b2e0a7
-762163722,-972081340,33068f58
1747969079,73883445,05bba863
1452251974,-983487593,e14f584a
-879565682,-635308008,c57cfd50
-1506594577,1791210396,4e75eea4
-1938097415,874620707,5ca1bf0b
-1072545531,-1806100935,d463e81d
676467194,1548344458,3bfa88c4
2135111797,-1172844653,82c3062f
894763521,-108274137,e73b2c27
-1690245480,-582910257,3f9144e8
398419006,241541993,8ac9976e
1385046006,1298754588,16ed46e8
-101949648,-1588356681,f96bbb50
1330498225,-1489367639,b0bfcbd9
-988635020,-1346031617,7e471f8c
1292001013,1907856264,4bec2128
-567933448,-1130409385,81dd7748
2038305829,-2094410121,075f4b33
-1624445253,-197303631,6003a54b
1969661560,-1943657794,1a1b7d10
1292625653,466724967,345fb493
1511974705,-1143689134,5c6bbdb2
-1001234132,-310082584,e91193e0
-420223581,-1971630844,2b329d8c
-2003420387,326395280,09f7b150
1964815784,938975397,ca221548
1907556625,-776443780,705b6c3c
329078946,-294841467,374d122a
-334390211,-605027645,9cd27c77
561528243,-515980363,855cf88f
-2081390900,-1707635942,f119a4b8
952525031,-499517305,9febe1d1
1888550288,474453846,69351e60
-1111679938,2101165709,4ec59226
-29038893,-2028844263,84305b9b
-1901002802,-1547884231,2376f2de
-928765073,1041482825,034e5ea7
1963725823,885504322,3ec96ebe
179884842,208407756,42e63d78
1393746164,-18535815,af185b54
-1134585383,176848093,5606ec55
-1310131180,398847240,080a64a0
-135475695,-2035184228,e18def5c
1040794411,-1411402031,76c5681b
922171770,-920969653,ed0822be
1578086629,1029463025,43f2ee95
129847446,-190951638,6581829c
414575575,-1689778603,f9665863
-1343291276,530677076,c298ca10
-15258574,-1484633883,c38c98ba
577522000,-1889749389,7b83cef0
837477409,570322940,95e0df7c
804637019,-1131577297,6dec77b5
-1870492605,363820742,526c5dd2
-1708264140,-106956496,7b698dc0
666121855,-50914826,5907c50a
2110752947,-372777524,988875a4
-1839802958,1308993078,955c7f8c
1224573597,708252078,43b633b6
1941020597,-2091162382,24a2ad1a
-897955618,1604578164,c7a6ce98
280875442,8684426,48691ff4
-332131669,-140260948,7585cde4
189967832,-1305903112,03ee9140
-1672080358,-252040231,fbbb680a
-587962082,-1491174437,571b56aa
-1923110706,-285474595,ba5cb9d6
1259574307,-1487736207,ede37973
-964907497,-2067542010,6be3c48a
1070104971,1527675823,6ee85705
683425968,-799624773,a55cf090
432866400,-1072791365,98323220
1885969909,2012925374,26226cd6
1920103334,1223709708,06efe3c8
1476007709,-1838213257,ece7597b
-1808893817,1779228092,7c810e24
1929213333,-1365138962,874b0586
92618997,-324319194,8bb38c5e
81747976,-1817841703,2927dec8
-1865483219,-718363436,460ba944
872013435,1080190980,3d5f71ec
-75482094,866414503,bc3afdbe
2043694302,-2103936531,99fc1786
-140301134,1356019933,f05a85aa
-807306073,1921488220,0ca6ff04
-1946245591,1427385585,277d7899
1335921898,1250049708,94d35938
-1685376790,117075505,d52ce8ca
-1466076624,1261029243,c1192d10
1178812554,1041662151,36682b46
1377786516,-926932438,322c8448
-1920903352,721095117,403c6ca8
439012192,2050463623,7c26dfa0
-1823708544,1201533780,aeaa7200
-1832950284,681727443,25030c1c
-2024088103,909883288,398cd7d8
-1344932109,-393099496,e6a90bc8
1310896992,1189156058,26f03fc0
1836781759,-601182852,15432f84
301672351,-211322075,234f1efb
1333379338,-1890056157,9d1db45e
995521169,2024817679,2c2f3a7f
-1078434151,678011988,06fcae34
-937521058,1014521750,4d8b7914
-12175342,-734558747,c8cf821a
665206260,-443791639,b0af1b14
-1917751653,596961325,d708e93f
-1008306417,-413025622,2f3af5f6
239224095,-1835946910,d05e49de
-255663815,1563924359,01dc640f
-2104680627,1194332303,f8394c03
-366938343,-1257752656,71884030
1163469093,-1356669183,9b225c25
-360359401,1690964021,f56316c3
1085301170,1090791527,4f031e9e
-1078364620,1977326996,77323a10
336988681,-1317293819,acb16b2d
531511435,1490951449,a4f54493
1213034151,1715020513,01ef6ec7
-566985153,612903081,d1d92f97
537846239,-817899837,c30776dd
-1764453116,26883000,6ae2e6e0
704629540,-1891138938,54089cd8
-969316210,392659961,01795c1e
1745214187,1534239394,8de33eb6
1932757884,-1027482315,7991ecac
1087948620,534409532,cd7f41d0
1371125731,706715895,6f9b4c05
-1646636736,-471205581,7ec56fc0
1300584316,458119623,59d91d64
1785911637,-471755415,e44e9cdd
36897014,-963906077,8cb74822
-1908529956,853288775,8fe9bd04
-198129644,2058334137,1db24274
-34259624,2062610990,e88e35d0
741978379,-1782392913,40764385
-1587211554,-1341876936,0d8f5690
-1489713884,1303826176,a7001c00
1878077411,-1624269983,3a0e9603
1800474303,353891729,5a2f252f
-2120272732,-315735545,e064b87c
744316971,416502662,ca7f4782
253795087,-402806174,384651be
539120086,1611378734,229fd474
720836089,-1170797873,07257e57
-1711787762,913627571,38772aca
-483059842,-678446007,b8c63aee
-832607553,1672718967,cbca74c9
-1957355621,1905132062,f132ea2a
1457659870,-163254165,195b71ca
1789413891,1740465345,fefff843
1801644242,124178021,770ad6da
409060137,1948915132,8587af1c
-235342770,100142613,a8584e66
1202818405,802815885,be3f7ba1
-20949947,1953976235,f48c9517
2128149138,1253947393,a4bbea92
1372837032,-1273874933,46c59338
-797382865,-1979362324,3c545c54
1888448593,-1671048566,0369fdaa
-1880474790,-1700813477,216a1afe
-938099940,-336762473,db7bd984
846688615,1214456272,397f6ab0
-1145296691,691404262,e6d0412e
-588445929,419831462,72114aea
303941844,1290306207,509b63ac
844109943,1469377015,0757e9d1
562955590,-755806661,6ec88b22
2027752012,1232253218,2351ea18
1879176981,439089241,7a923e4d
836198048,-1788435487,c34a0aa0
-468417039,-1061640280,16101d28
-248997959,-250541823,9ac718b9
-450549903,1386378757,c169db35
489669937,1784491735,055a6a27
992544815,-2071664604,f56bbe9c
-512661473,897277758,20ffb882
366723472,-771258046,a82df720
225003022,693627811,3a1874ea
-535875615,1099057438,07b0c55e
1018758123,1501819106,c342c576
-1781546561,573056861,b6d57b63
1500413822,347650394,c58ae04c
447501864,-2100530019,6a9af688
944897408,-1264137356,ea2b5e00
743059139,-960285228,79a6187c
2013946478,2048725883,04c174da
2005264456,-624501715,0dd7b4a8
-717211771,-909315246,ee41079a
1298074781,-1845703420,aa21eb74
607162804,0,00000000
1967300407,-2147483647,f5429f37
-699425293,-5,d071ea41
351960010,16,4fa7bca0
-224207799,-32,aba476e0
-933709226,65,de874fd6
-1081956302,127,01d170ce
283536899,-255,2a786b03
-1562182280,-513,97221288
1583924727,2048,462fb800
-2080694869,-4096,4e255000
2072524125,8193,8233d55d
-110946810,16383,cc1e69fa
-1304085214,-32767,13b43d22
1079806733,-65537,349674f3
357344178,262144,8ec80000
132326863,-524288,d1880000
-1095645368,1048577,3331c748
-300490994,2097151,f3a920f2
93238,-4194303,f2816c36
889940428,-8388609,e4f49634
1760064827,33554432,76000000
1791876201,-67108864,5c000000
601894399,134217729,1be02dff
-1542033376,268435455,5be98fe0
-1059959896,-536870911,c0d24ba8
-1660392949,-1073741825,a2f795f5
420432785,2048144789,c1e00065
1172057595,575063493,1a738927
-823393616,-2146121005,fc651710
569179194,459804437,40c816c2
971660313,216394257,9f1bf7a9
-876786578,1137783708,0d627d08
-1850428840,214480958,9eb27150
-1027817188,1208581376,d446ac00
-1819652881,-1987004929,ec979d11
1285166195,-226682377,a6cff5f5
-1657275963,1632971651,6e01e6cf
-1090464753,1383788389,fe73aaeb
1233972160,1934296094,2372a080
634054146,1373420475,1cf17976
-49621396,2057997541,23acde9c
1305940820,-246153612,02de1a10
737384564,599381805,56af3864
-1703849625,-1024699082,4ce25eba
1646552287,480351091,d0845d2d
926219655,1151850984,31fe3158
951590089,1187350024,417f1c48
-1940555503,-208792446,3b4acea2
-2121156910,-1103064858,f04060ac
-831726995,331483596,f005e3dc
1078233873,1517409648,8232fc70
1657805901,-1782859413,2eae792f
1406452593,650985324,015842ac
-1822488022,1257210715,a6321aee
-340704819,1567625958,7a91882e
1009906927,2113560761,2059a0b7
-909119647,-2008533889,360f751f
-964310053,1720200532,371462dc
1748617480,-444433181,a6ad2218
-681322804,968454827,fac35244
1184994797,696725936,81c46ff0
15400560,-241230786,644ddf20
-1398590455,1043403479,9a72558f
86329671,1891370310,02c46c6a
171972490,-130040472,f6607210
1402928614,218117242,d357b79c
2047042255,-2133713791,68516e4f
-1819076385,-710538251,3972626b
1366016128,209617613,aa0a2680
2075572367,899423523,af076e8d
-462596881,-2109169612,fc82a08c
-1820027232,-295274138,35c5a3c0
1504544132,1585571297,c9756d04
151336934,1926114380,fa3c2048
1595233556,1641341443,faeba73c
1300354962,1328539511,d2adf2de
1440625274,-526852876,8398f448
1115749174,663231925,5056bb2e
-1786027725,-1934229177,034b2825
1496498847,-2033853236,b20ebab4
-938989358,909288839,03a0e0be
-1941473258,460216569,ee3f5d66
1483895013,-877510876,b01a3b34
1655871739,-1716777556,2d6787a4
-961825172,-448305144,2b6d9360
-613087319,1959287566,2a277e3e
-2099333819,1413134774,b0f5bc0e
1749574856,-472072686,03c38610
-1609164947,929270373,8b7f0001
-1200412433,570352346,2855d986
-1427329241,1351752197,74a761c3
-214056205,-730685806,e3c12896
1443918508,-190754489,210439b4
389300015,830129603,fcd14bcd
1862094106,660821813,d6b2cc62
65469463,1215010929,b43fee27
896996753,-830453929,a8f38b47
1560682596,1690429154,1be67048
1183304822,893674843,63483bf2
604222311,1007839785,0e1e617f
-811945535,-388210408,bdb6cb18
904184730,-1059053101,8f8411ee
2031143285,1001121565,64d66541
1751722463,60679753,8c5e4a97
722099217,625086365,3221756d
-1177301193,1771279276,05e0cdf4
2120878511,-1645624285,9b304eed
-1154363848,712363356,97a0f420
149757981,982569657,9a03fef5
2035740267,-860319468,58bd3b5c
-375321874,-1013881697,7e18c1d2
-2003565777,-1965141592,8ee5f5d8
272312894,-1809516048,8c45e820
-1006387983,1343222363,980efbab
1891938850,-339641070,7a712064
1700330408,1391039203,7954f5f8
-1436345630,-68340240,bab3fde0
1357773089,1578413654,83da1f16
-437398183,-299159736,e9025808
-1472756082,-1254128375,45cd80fe
-185912309,1468680852,5ff3445c
-1874420171,594342669,591e57b1
-587666491,2104158054,787eb37e
325409592,-2104886462,a1896c70
1584025741,-1061264016,c8f0deb0
496549517,1297922990,94ae82d6
-727159167,1203097955,a78f0ce3
806714713,1088842731,fd1443b3
153708299,-363970219,014301a7
701838361,-1011834670,6da45c82
-711628810,1992432722,eda634cc
315810119,367094528,f68fad00
-517649930,-1331762990,41719bcc
-316398021,1894681516,4fe5b8a4
-216694179,-1377237935,bf7cb36d
-477827613,-1453881638,06dc654e
205590694,811545990,301b14e4
164440102,-2065959072,8f2db840
-2110716847,-997400430,84075632
658216583,-111686275,56839aeb
78257655,-1999817948,c2af6bbc
-672040672,-1163523005,a0a03360
774687490,1509504270,f36c841c
85806090,2120993731,d4cad99e
903249576,-134829199,d7b82028
-1387538351,-170589266,2d7afa0e
896125502,419317740,0e21a328
-1236138222,1283030888,7256cd50
-1288609384,-614448208,bf7de080
1588023252,-1256922504,33769360
-1673641417,-233201168,1761aa90
-2038617304,1885665255,7b358918
592379148,-403756657,71da45b4
1187901625,425749134,e248209e
1548519623,1124002013,0d786bcb
1309937717,-223928590,d570881a
2114531940,1464681796,191a5690
-1036022246,854691949,4f782112
-2011337546,-298492345,43c1fa7a
-1196918269,1444739270,62d54652
1713890523,-241353544,4b9ed168
-1812018844,-576302128,c5270d40
678886861,155645461,44b3cfd1
818984372,-979194805,07222bbc
960435475,611053681,e38b1d63
-183241645,-873493287,92047e5b
-862190928,2042268603,4f4b8690
970307771,-775065029,1943d919
2070785750,-1840666612,aae6a208
653648139,132934563,56c1e301
939716433,1840058440,26855ec8
-1752796531,301221687,630bb74b
-1127869799,67293292,1bde288c
-1068355180,1138827982,fbcd8d18
268178856,1579898911,ea305f58
-746180001,1545819031,4d798309
-1165600010,294740892,7a628fe8
-1380285532,330996601,dc048484
984786071,1613872287,c6ba1dc9
-30442487,-541195269,acb0b7d3
1719757685,-757337557,7668a6a7
177121693,-706753012,abef495c
-271112480,-1841995211,d0cccc60
-1173397833,1031983882,a3988826
244927439,-1527436330,1cfc240a
2076321437,1337041805,ee123b79
141549814,-926372189,5a5370a2
2004475532,1182841538,a40c5e18
-1438569954,-2102313226,bd8fbcd4
43000453,-1134589128,4da0c418
1618367889,-275964409,012054f7
1770515084,-873777948,eb3554b0
-1724519378,-1184116501,699f2e3a
-1068474322,1837296530,e37d143c
2104624316,1207880008,a450f0e0
-1176833297,2036313520,da638750
-533005901,-12080863,64165b13
723971744,1270387784,07e79d00
2028044538,2073991447,5aa40076
-1997305447,562562209,c197ed39
-720694554,1616377237,44b21dde
1397655447,557117400,9c846068
-1770047934,-1519149923,baba7e7a
-2017057577,-38122449,ff869779
-2057622526,1297314829,f438241a
961555747,1105539,ad5b72e9
-1159468326,-974251637,d45bce5e
-1571224624,-1556081636,1a08aac0
-243548134,942970766,a63be46c
1367418928,202034043,65cc5f10
-1901797080,1151557576,9cd5bf40
1682705440,-913381562,e57c30c0
-1730124860,116809400,bc41ace0
-730889214,-449943507,2797045a
1352607506,-1359206098,ab92e73c
194250051,2074460361,b059619b
352422076,1714869305,b23b21dc
-1554645643,1013726600,9c6f8728
944185070,1626398800,1069ea60
672829692,1255024667,e43caa94
-1996351563,1859122143,46ae75ab
-645630070,2138300163,19ac9c9e
1426596139,-856949383,f0182c53
-305932081,1951943562,df3f8496
-540863811,209479664,32f79c30
-1345120259,-1982956752,16b10e70
1887874261,-1034676109,4c979baf
-1774152886,-1121554290,173e130c
-1213843330,-1814008472,29d49930
1799507280,-1815189592,36fdec80
-359733843,-725534750,30ebedba
292986871,-1002497029,1bf6e42d
1341943042,366941090,78922144
782652243,-555564912,85531eb0
-149034814,1667584451,8cf7adc6
-457627060,-1252922327,72b1d62c
-638643737,232328930,5fd76fee
1305697559,-1652789945,c6659c61
-724640178,445543591,caf25ce2
-239110499,-1560612904,e89aa778
1354408592,-1380533952,f082b400
-2104738924,1663785970,7f99ede8
-1696439517,-1950065582,dff05536
-644797958,935329703,8e086816
-29029881,1606748661,15cfd7b3
-1321943606,1111046588,36f75a58
-850044957,1253401432,57d1ff08
910568773,1870531604,ba90c564
1231811892,-641824172,5a327d10
1771056258,1623865344,68507000
-107207887,-2081634888,137a0038
-1220685494,287990904,4adf02b0
1680315899,575097112,9c17a288
386276667,1466703062,4c32e352
1294305281,1313961484,40c3d60c
-1279738445,-320620045,532b6be9
-1687516212,1302806770,1bbf26d8
-2014566169,-1433703365,901be13d
-1311194709,-2099151874,a76850aa
402071645,-326887607,75549585
-1128791498,-1826356079,15da1896
1121275858,-1508474925,f075f816
486184405,1398685977,87b9b6cd
1659339937,1929033839,80f039cf
-1457526399,-80162467,0d7224dd
1175121795,-1705123411,c27cfe87
-1974089576,506175215,996c15e8
1776464768,-1672853026,5ac72900
172655458,885499159,fc8df7ce
28270375,802029157,05d43c63
-1467655195,-1456214662,413fcc22
1992085258,24865265,bc78026a
702323793,-2071067478,b7df11ca
1713629751,1073867279,7a67ff39
1558846590,-422925174,10c403ec
186890658,-1448056402,cacb9e1c
1140851166,-791735021,eea9597a
-1193846763,-1159568654,2fd34dda
-423417793,-879565682,b9066ef2
1409574648,-1690245480,bd1ff340
796609754,-567933448,dc4eb530
-1960957420,-420223581,78d4aebc
-1086468604,-2081390900,00662330
-325932680,1963725823,524ab688
1542456783,922171770,8666dba6
-19486298,837477409,e07fb666
-1582734491,1224573597,cc2c3ef1
-722285208,-587962082,b1d3ba30
-1427546945,1885969909,498de5cb
-564137308,-1865483219,09af16d4
-1737325742,1335921898,59bce0f4
2019215263,-1823708544,543fa580
1606220995,1333379338,dd1be29e
-1285675990,-1008306417,c10fa476
-1341533319,1085301170,c325e322
-1927944868,-1764453116,cb062170
1650067609,-1646636736,3a848f40
1000452526,741978379,d389f07a
784701940,253795087,ec4ac14c
-2109524493,1457659870,5c5735ba
-411437003,2128149138,a2ab503a
-117850664,-1145296691,9846c5f8
-181011593,836198048,0c03dc60
-1618086834,366723472,29c239e0
-552938637,944897408,47c56080
-1729192395,1967300407,1230e863
-2029667113,-1562182280,ba1effc8
1241830900,357344178,14071fa8
940407243,1791876201,27c06843
1116362059,-823393616,cee93990
-1110145670,1285166195,64497dce
-1163398291,737384564,ac1a0564
225798818,-831726995,10245afa
-276826788,-909119647,d6f0dbdc
617983080,86329671,187478d8
-86945768,-462596881,51e9a668
511771763,1115749174,ce13b142
458052187,-961825172,e1f47064
1305172432,-214056205,c8a5e070
1022410685,1183304822,ba6dfd1e
-1999187959,-1177301193,10c8f8ef
2035008304,272312894,ca6f25a0
1420071259,-1472756082,09eb427a
-894539163,-727159167,89e302e5
1471248812,-316398021,e62692a4
-1732570868,78257655,0f63ce94
1371714877,-1236138222,7e2f694a
-933285504,1548519623,064b7a80
-1070162356,-1812018844,ab0781b0
225522667,2070785750,31fa2072
-652261482,-746180001,c91adcaa
-842499210,-271112480,abd98b40
-1869434950,43000453,e42bffa2
1017725692,-533005901,b998f234
1801244820,-2017057577,96bffc4c
1934542208,-1901797080,c5e45c00
-546799795,-1554645643,ac224731
782045905,-540863811,d97c964d
672170267,292986871,358e560d
402225844,-724640178,73437ad8
-1838166169,-1321943606,7044b246
1092648092,1680315899,af24f8f4
-1080988647,402071645,50766515
-376179029,-1974089576,5d570d88
-1412338950,1713629751,91f47fb6
1556354014,796609754,8288d30c
-657392301,-722285208,a43860b8
-1136527301,-1341533319,a4d9f4e3
-805238381,-117850664,fcec9b08
2085733755,940407243,2a6dbb89
-1684924224,-86945768,f22e5200
295839037,1420071259,facec9af
-874847591,225522667,879b7d73
495355916,-546799795,57d4df9c
754581766,-376179029,546c7302
-1655526327,-1684924224,32ca0ec0
-877912243,60773434,f7175b72
60773434,-1665347166,912ea6b4
-6282871,1960044285,374d3a65
-19621910,-1623906378,57baa65c
1447834531,1743547753,068194db
-348958342,-1199078772,56c682b8
1672314812,1870176840,37c0e4e0
-1019983916,790770417,70670694
-1665347166,581200382,c51b70bc
-486490418,1932277953,a2b4e94e
604264120,-1935680260,ab137d20
-924203652,-682879975,a711f91c
-1470436067,-2020593915,a69ef491
924465221,489570992,91ee7970
1031742890,199813491,c975a55e
1960044285,-1117192659,6836a079
-769375086,-93134409,3535565e
-611672727,-2064914576,c4119cf0
-1490458371,-41013266,481c0e36
280619966,-1257130287,d3008a1e
-1589359765,304037832,73df4098
-780955810,-129935330,bbb11d04
-1623906378,-36050993,3a16562a
-422424188,1484398113,9f91fa04
952449436,-1235933490,fe0d8388
-390179229,-117479393,76c1adfd
-1249070934,-1523950463,99461daa
748436275,1250032325,78bc5c3f
1977303560,723964240,fa9d2a80
1743547753,157497002,e2afcdba
-650945347,-1368171515,d23bbbb1
664276265,-1577817727,a51872a9
1165896088,-880649660,77527c60
1672889614,65197641,ed0f64fe
216339425,-1084927038,83c00382
1338795742,1734270092,63b30968
-1199078772,-101853714,5535da28
-1744247646,885955143,665cdcee
44577217,-2131692285,24864a43
-1923820513,1827666558,83d7ad42
531880583,10505215,d98c3979
-1477732503,1838876522,5a43907a
-488033506,504684342,830fea54
1870176840,-624793716,c9d3b760
1571483402,1034437659,8915de0e
-416119738,-855717932,c01bf3f8
-1212283628,241525772,efc80cf0
-459096439,1443104243,3457890b
2005843357,-2022839500,d7e6a2e4
972622958,148378682,843568ec
790770417,169581545,64634859
1393119382,-1817118755,34eb4b7e
-1897572989,335191713,a3efa163
-1298790507,1475190245,6acc2949
-1779856103,754141649,37a35269
-1440155679,1300140684,1983e10c
355780947,874444801,abf73153
581200382,1150785020,c85b2c08
-388027371,531367480,54f62298
-362826789,-1669561283,c39ec72f
78239851,1947560595,3dea9371
406810865,-370898775,a5859719
-1274328647,-1677231563,67876d4d
106925320,1558546762,02400c50
1932277953,-1747570865,f166f28f
1189592244,1852555026,195190a8
-1579726351,1277516913,0a6f3f61
-1319927840,1300490379,c3d96ea0
108709880,-1574870961,c1d8b588
299189976,-390903409,105e2aa8
1515847420,-1559997500,ca82ecf0
-1935680260,-873812054,7c910358
-90561355,45584720,4658fd90
-529683667,851766522,1d5aa5f2
-1395951852,-2084557062,d917e188
-245894254,-742533762,1fbc5bdc
2124605656,1735590591,42656928
245861287,183280251,54d3c73d
-682879975,-1626422314,8d45d7e6
-2057508692,-1429981593,9d25e534
-934710793,305681368,19f33d68
-481910944,-1111454553,4a3a77a0
-1965866688,975373514,43767c80
-1186990994,441135360,06030e00
-2044912753,-1312160452,9e324084
-2020593915,1572857525,48eabc89
-1069358259,1377523419,94b350df
-656337229,408598893,c42c0537
-375918600,1634500695,8f3e8d48
49849253,1310255112,098aa528
1421885518,209510039,82f19202
-544752876,-1110253507,417113c4
489570992,-1386342760,b9d2b880
557396433,-1104166156,45a2dd34
1807125228,-1679333796,afe7f4d0
-2025850134,-1660693353,3544c806
1203645058,-667515161,ee44674e
-1480858896,1270792484,faa2d9c0
-2097017959,-786591269,74a694e3
199813491,1268158409,eea8884b
1778672533,1940365550,3384b486
-1093311910,1377138274,4e672274
-643342701,-1879583548,9b4b248c
1826948589,1334640573,e69872f9
-37964143,-1373118760,1ba2c858
1054820793,-622626946,a636480e
-1117192659,-1851495834,42e7e7ee
1886919916,-1077810654,9c4f8f58
-1880491109,-1626843447,bb149eb3
1693575545,631755278,c1af069e
-1598836322,-7378285,47fc69ba
240021092,-196982135,19a9fb84
652469550,-1059505188,b5a88d88
-93134409,1621714505,d280472f
1808783946,145067935,12b9e9f6
953859440,-1762048412,e72e9fc0
-571956988,1032936425,d13af8a4
-168452160,-1256446330,6d481e80
-1732396130,1462215469,eee194c6
665084848,-676510557,16163910
-2064914576,-1513380854,074aca60
-1597664388,-1749550200,b234ede0
2007367133,935265726,ee0abb06
-1206137297,-1047734634,4f5a198a
-1087500286,1526088777,d64f1892
1788796937,1760450955,1084c5e3
933344844,-76183365,60b48984
-41013266,2009822622,1d635ae4
-14391900,-1047276136,c759cd60
-473932547,-141418654,9e303bda
1905027781,-1188886024,e5b75bd8
-1029141933,-1764852873,67982d95
-409085263,-897291651,e1e5126d
-963675417,-1212521284,4a367da4
-1257130287,1275326010,ae6cb95a
-978002204,84543748,9b917f90
-382624306,-950148652,2e9ebc98
1754026936,743134196,4bcc7360
-1501509433,-1179292339,adec1edb
-169905468,1729838540,23142830
-1022367500,-917518450,0834e358
304037832,-828946829,3e7256d8
-1208013374,51501841,d3f8ffe2
-554429664,-5080411,30ad93a0
254920399,-1988444990,975eacde
1051675037,-1649743937,1b769723
1629214364,1095036372,ce2c2530
-734962620,1209458474,dd505f28
-129935330,1558971332,d9b7d0f8
-695781326,1755657036,2890a4d8
1970568659,748213829,02dc4bdf
2008708756,-672241414,35dbec88
-985656474,-1718913405,f71cf132
-1206575904,1778893660,c6b50080
700430322,-1718950410,683a3c8c
-36050993,434214826,0e5e0876
-760133189,-56385665,a8cfb8c5
1110452751,-1486817195,315c7efb
1554974808,-1712686677,dc4c2ac8
225242690,2068573677,c9c1ad1a
89666490,1432634444,fa94c338
-278657755,679449478,12a9f05e
1484398113,774240865,1076a481
2079165752,-1026403791,17a3f7b8
726881778,1443780445,0eb776ea
-1166206660,1978826385,79fed2fc
-299635441,-1568596717,b1144b1d
1976451486,1192463508,97da5758
1866788294,-617033272,994868b0
-1235933490,41591204,762069f8
-29817466,1314985059,b0419ad2
1208793500,-258476831,2f1bd21c
-835670023,-1872966274,c65d018e
-403854112,-1269110331,12fde860
1654050346,584521217,11946a2a
1455219275,-227379011,3eec395f
-117479393,-107859816,43d9a268
1146954540,-1477892498,ea49a4e8
353730001,-1874429443,f5db208d
56953391,911135055,8dd08381
1265662505,-1305067611,9434d36d
1727922683,-908238772,9cd5b684
-321608343,224111673,bbce6061
-1523950463,1481400043,fa26486b
-162942735,-1856408795,b7ebd5d5
1683520597,1630667197,eb6a1fc1
-1339863181,-1329084320,75b4a320
1197356986,-234352988,7137df28
1102069216,-1855128113,45286820
-1897389930,-1617726781,19759e42
1250032325,1823606543,6473148b
-2090654577,-1780016926,80fcae3e
-1157951640,893367023,73b1b218
1903562313,468096229,4772fb4d
-582183324,-2011066052,c205e370
1976327227,-1322515246,78389466
1855532581,-2100255118,dc328a7a
723964240,831735161,5cb37ed0
1403824964,-609271046,7a42c868
670979346,649798680,53f481b0
1445605506,633495692,7dc74718
1870669926,1344348581,77f52fbe
-77996251,188229694,51b9d2f6
1656442191,-2139273820,fb66d19c
157497002,-161298597,bed6946e
-1517670283,-469276411,70c5ef49
298011166,-1417036189,8395ed9a
-1986032328,2128791629,46c139d8
-1824034852,1194912008,1b2abae0
-1616972773,-1374707108,9b2dcfb4
1411917021,-1637607437,49bed8c7
-1368171515,-21727753,b3e011d3
710298781,-1959205192,f8341ed8
-1319119387,-332885120,3f857180
1969079790,-116099809,0668bdd2
-259941125,-122689208,13e99998
-1529439691,-980275464,fad4e958
-585412701,983384413,071b5137
-1577817727,-600078783,3b034fc1
-1941103886,-1251620849,310ba42e
-662614834,1655791761,1477c0ae
-1962805480,-484441206,1ff47af0
-1831372561,-1745039957,a6092aa5
-204438522,-1503642148,9ce6e328
-351708122,-104255119,d99af2c6
-880649660,-1197884484,7e4df5f0
37170228,356787980,8421fe70
179121600,1877359260,18656100
-222560705,-1174497595,bb25907b
1541054506,796991716,8de5e568
1367798739,-1571851399,ec6e07bb
627715372,-1107020723,2ecc863c
65197641,-2066861216,b87ee660
-1907274225,1465893102,5ab2d1f2
-1087989910,1272072115,9eee451e
-1893745135,1125898858,c9ca2d0a
18623551,1251237893,60907d3b
-2030887943,1018476275,f5ba935b
134442783,-1855453605,a16b3a05
-1084927038,-893753470,6cfb9684
-859703911,2059516502,c7f2ab66
725081230,-1331854532,9a0a5b48
-820648460,1637649977,d61d8b54
1231568318,1883784328,2d3744f0
-1054468001,1980948636,8937f9e4
1091792751,-668911634,b2517232
1734270092,-1445718225,902b11b4
-291095748,-1468687426,37a94a88
-1561532403,-1382746377,ca14628b
-412507691,-425034441,2128c5c3
-1420492810,-1777300574,b6248bac
1806884624,-705125342,4c27e020
-316893234,1781349851,a2d7f33a
-101853714,-269006490,01661ad4
-814010726,-663921923,22b13232
578922084,677223690,ee6fd3e8
1589351384,297881736,bfb20ac0
-9899072,-527268229,aa839d40
1084384960,-363646748,d4278300
-1457391354,1184350123,d906d102
885955143,-2016933743,564f9a37
-881304275,2007157106,fe3bd30a
-2116249958,780563904,b6e15580
1661261266,1660375963,36de8c26
114401402,-1436513123,041222d2
-1849631642,-441196678,cf37e29c
-1575721671,602128288,10cfcaa0
-2131692285,550208691,1031dd19
1861628427,618481826,355dc2f6
1210893054,-1594821306,20fa6774
-982200266,939256051,09849342
-1302369982,722765820,35956af8
-206488300,615518227,f7b8c87c
-132115003,-1889277616,34061a90
1827666558,1122775183,412c8c62
781447656,-610060350,93ce29d0
2033743221,-799163947,645c4759
1502855403,560920894,98674bea
1454753356,-1430613417,ae15bbd4
987082557,-591284768,18dc7660
-1228463697,-595702995,700130c3
10505215,771673038,d7425c32
128048398,-1341204708,7d1eef88
56832346,1406889417,4ae311aa
646852100,-2146320304,bd356140
-248380831,1381274309,faab26a5
-2052231404,-390595553,70a4236c
-1491929988,-1962645373,57f57b74
1838876522,-1218059601,7c57a576
-1937821,-16225850,d87ffb92
-1843583034,180268298,a9f85bbc
-1874620751,-569966745,2c76b837
-1816761862,1999168376,c28a5b30
805005865,699976282,1e9fac6a
-54163864,1893601675,6b5ce278
504684342,-546102261,898b2f52
-550658371,353213863,21b5764b
-638351384,427377256,38a10640
-570125800,1981753619,f6a4afc8
-849526515,2096332320,9d0387a0
1038607922,-2062329446,ec3ddc14
1893699830,-83305353,522fca5a
-624793716,-2084653377,ea90c974
1274558284,1793170582,d6eeb688
609656082,-1313811990,5bc74474
-1194779719,-1447229554,97e46f9e
-785121070,234248780,d7861258
-1560970992,663748130,42a7f420
-1343360540,347834009,335ee944
1034437659,-257857945,fed128dd
-1548255335,-1756556274,ea05ee5e
-2086395247,198028666,90b1761a
1376752136,-1651524219,9b5ec628
-784321517,-1339191008,bcdc4560
-403656532,-1755906464,9754e880
-1050874053,1215051332,7c09fdac
-855717932,1534322805,b5c573e4
-531563425,-792214968,d3dff8b8
-1314257690,1878596272,e718ba20
-1062373701,-2129793095,71b26223
1857290861,1056159338,83b97f22
773659111,660634996,027587ac
-1441419501,71418653,88a34e27
241525772,-1258426182,d351f0b8
352913313,-1974343652,afd7bd9c
-1755172269,1702729453,00ec38d7
238356677,1897542315,b2255597
-667700927,-169292009,10e07bd7
-1640163866,-179902850,dea16b34
-954282688,2089614184,56c12200
1443104243,2047657914,b4f0378e
-1365556324,1010970562,d14ae038
1228828071,-1656715046,5e2a1836
1570827407,-2797636,af28da04
2058687766,1041885030,ad5340c4
-1279319168,1792321123,d9efba80
112064309,-1534975332,a9c1ae4c
-2022839500,1766276657,1a6c9cf4
-564825304,624545677,f915c508
-650464909,1544395905,918c7ef3
-1729321855,1465786150,996a0a26
694105327,-1037159837,391a266d
894942183,357917376,ee6e5b40
985492470,-809346696,1dbf2150
148378682,569063303,21892096
-993041946,1534428802,feac1acc
1388371138,-1769214977,0217fb3e
-542916085,-449753626,2998a4e2
592692429,759974491,3b8636df
714620127,1573292153,19c53d67
280011092,-779583828,6eb3bc70
169581545,1932089506,8661c172
-925728720,-151781740,c271bbc0
330708335,1979678428,93738d64
1346208503,-1795509671,5ba845df
1148160419,-112771847,6bf4138b
492824874,-1686400056,7aff46d0
-678323439,14330759,fcd720f7
-1817118755,-2,d89e1046
-1737834139,-4,9e54fa6c
538059917,-7,1f810025
1484707510,-17,1f93bdea
-606818003,64,f52c4b40
-679678719,-128,41897f80
-290711213,257,9ac56c53
335191713,511,e142a35f
1662162651,-1023,18b72adb
-1660929947,-2049,613c9f9b
-861217387,8192,5bb2a000
-1957275244,-16384,699b0000
-2113683827,32769,614a3e8d
-1067473937,65535,e38f5c11
1475190245,-131071,1c239de5
875332795,-262145,b8e77b45
286391812,1048576,e0400000
1026186703,-2097152,46200000
956000309,4194305,463b6835
-1978413505,8388607,956c31c1
750593212,-16777215,70bd24bc
754141649,-33554433,310cb62f
-1876751271,134217728,c8000000
846439330,-268435456,e0000000
-761293424,536870913,d29f9590
-266776541,1073741823,cfe6afdd
318766962,1640531527,07c5849e
1750550813,374761393,5082380d
1300140684,-422033722,fa17a048
-517368515,-945015557,e611b6cf
69289237,1279969327,f42616db
-72060598,-2089530761,5d280d66
1488866781,-1815770477,5d50d7e7
-1997139723,459718547,d49087af
-1775327741,110867502,5eecf08a
874444801,1909734817,fa6635a1
404797504,1149302463,9176f7c0
-312352077,136490058,1661cbbe
-259185537,673030071,98f2f7c9
524119802,-2090827024,07b2fe60
57313325,-70477061,123a961f
-2051510134,1157179405,ba2d4702
1150785020,-491759506,29f11248
-356517671,786554493,ce41aff5
-1616648194,72205814,486d6414
-1568218076,-1954202299,056c11b4
934105441,-377667256,afc58448
1573363332,1328588370,ef7a5e48
-33323909,817156860,249f4f14
531367480,-1271337510,f67f23b0
1074946492,442797326,e645e448
2041244231,-333018371,9abdce2b
602016428,-137428234,d45f9948
-2117835848,1290606706,2425a7f0
-1727688616,1313801345,8d371c58
-1835441500,-2083081988,23e5d970
-1669561283,-1772315143,d6220855
-1323576392,2123235206,98cd1a50
-1002446316,1438919765,df6180a4
-2080017776,-473934565,579ce530
-2166870,417804616,d4f8f1d0
1953547433,-1116606195,a6761595
-2134286752,2128819496,bf209f00
1947560595,-559683716,e3234434
824680494,-663606216,b4aef210
808851447,424822514,29ce317e
-95628047,-2055420635,a6b43bd5
1874439856,-12071424,2d61a000
559408003,1787332508,c620b8d4
828822426,1735415066,b2139fa4
-370898775,-560051139,7a54bc45
-610576765,1279211451,f84b56b1
1667204846,434380192,57f54ac0
1590170018,41158130,c2e0d524
1748691469,1902629921,21a5efad
-1353667614,1214778448,f5144ea0
1813204574,487556746,9aef72ac
-1677231563,-710794408,16d14138
-1981808864,-1308781665,843ed4e0
1733358955,-1830843478,5f39120e
1175106814,-70239515,2cf57336
-2070064200,-1108672365,d83f12a8
-1901273645,1467351373,8b1e8b77
1313055874,-1775346651,5a417eca
1558546762,361289679,e53728d6
343044885,2005797608,98dd1d08
1989914128,161348943,c4e086f0
462892451,-1860042087,0e5b8c6b
-705341464,-864337057,b8855718
-172366849,263684402,967b06ce
478654010,-2029420482,7603320c
-1747570865,1997004066,15727b7e
-1309745374,1357758007,b6672c4e
-949398524,-720866994,344d5d38
575838442,-1208296885,feee108e
830287583,591123330,99989a3e
602695411,-1704460777,622759d5
1650546585,-1481539278,a3f034e2
1852555026,1674205101,f6f33d2a
-2060504474,-82897193,def217aa
808692998,1297338393,9892c596
350146317,-1674411663,d938f1bd
1557314267,144229618,e04c4f06
1554595387,813466939,7ce9fe99
-1590079023,-1559026102,4239ac6a
1277516913,-1955303465,64a9a1e7
413228814,-542031831,3449b93e
-1582393258,427089528,9ee9fc50
-131177021,690111578,523d928e
-1448779855,433125662,c4445fbe
-296742531,1336349625,24b3ea55
-1911531228,-1751423111,ee639e04
1300490379,2088727181,2029fa8f
1616718425,-2135652858,4ced9416
-132416178,9086832,06d0b420
521072446,-467121732,aae05f88
2137373051,1005419131,c023bc19
1799038306,-1583303094,0aec7a54
-641511634,1813873038,95721984
-1574870961,611764804,e745eafc
-1012863889,-201189318,0d7df926
-1578819454,113008530,4734c824
-1781438935,-313547675,bcb6922d
1182153640,472724178,c12bbfd0
524266143,-34836282,737786fa
812116350,672363942,e571fdb4
-390903409,1293990418,d4ed120e
-1217709672,-1904358396,beca0660
-1208479926,-1603083141,60c1408e
10566786,1420930447,cdd6a69e
-493714356,1377284615,4cd27614
1071529376,2093764638,8acd38c0
-557085006,-1639839600,54d9d420
-1559997500,-46841698,bd30b2f8
-1385966959,1400078391,c3ddbd27
1640903080,-519444280,acff0b40
469770307,1428250761,6fcd63db
-1904405276,465081739,3af30bcc
792869153,-1875357997,30352433
1377821263,-2118693916,112bb35c
-873812054,838857773,0c04e8e2
1093306139,494518752,ffd492a0
-412809717,459466991,0e009c45
-1894386938,1792936118,a466f644
-381314907,1897396481,269115a5
529152214,362986992,22f746a0
749049411,139200701,d6d60777
45584720,-776408961,32cc16b0
-1077490598,665205446,966a719c
95970351,926353787,da36c995
-1288294984,-1693333880,8d5c99c0
-1776787418,-587101351,98d40f36
1638450277,-1993313238,5e9dfc92
2038583366,1588292219,a99b8da2
851766522,-1105399870,c9d0fb74
259282745,-1717080816,7797b890
-1641762132,-462518025,0a3bc3f4
-309189168,-17927488,c9d2fc00
-29001481,774904439,50e450d1
-1423616480,-592995117,7f217c60
253430339,294830762,d2f1967e
-2084557062,-826913576,c9d5daf0
801868175,-69281577,5f032f19
2054676023,1430810739,3788e2b5
144286207,-349586920,74f175e8
1161009262,2082050044,1bad7e48
1967880317,744998575,84130b73
1164403644,462487449,64e2df5c
-742533762,1858765333,5e687f56
-722763019,-1381389393,e2352c7b
-912224298,-90349682,9eae32b4
440674132,1231161728,899d9e00
-1028610134,1968324559,4c8e6876
240938635,-409073574,96bd34de
2081528872,-1727207578,8ccc4ff0
1735590591,-905315539,c19fc093
1273772392,-1679044696,7fe8c440
1819451233,756915296,9f17e060
991365098,-166344584,332c85b0
2005674188,617509293,2be19ddc
278053680,938660633,68959fb0
-1684232061,-1675964465,713c2eed
183280251,703738753,f0e260fb
-1043418736,818797051,6a7b2830
959011166,1476767896,6cd3afd0
488288129,424524512,3daa4ae0
2145721740,-653673861,a078ea44
629437037,-1935531911,4ee1b585
437637901,-2055093957,91b170ff
-1626422314,-1921517507,1ab5f9fe
1341561630,1419949918,a66b6704
-1994324540,1960343125,6dff4214
-1613207083,-1986231818,221607ae
-1574090299,-1628605081,d450b743
1759912302,-281067259,670d9526
2039440501,122045390,03ab7526
-1429981593,-1274868997,27b65cfd
-222617546,-2067048114,66089674
-1668547682,348423192,d7d50ed0
-1598577520,900480355,49faf3b0
1540152779,74430975,d45da035
1242199919,1268243840,05cf8a80
-2004057490,450902201,b652517e
305681368,444185435,305c95c8
-182110881,1745515488,e53e6020
952111924,-470992435,1939f4a4
-704144446,1408677366,9edbd66c
-386840153,149872986,a7d1abb6
1610267801,-857385200,d6a0c890
-1775769121,-1286347210,48d6af0a
-1111454553,-983482530,dd97be52
-1710329067,-1950347082,243720ee
-1704669657,-2028976062,9b681e0e
292897777,-1090411698,0eee266e
609047796,-962401580,3a196210
-399417512,175366800,76795180
923373566,1434069276,82276dc8
975373514,-1159178361,aa282c86
705837921,-1657856564,fb104e4c
1457352065,186479015,5a656027
-1934206156,-1850966489,eb9b7cec
-686643858,-1828217548,cf401058
48182508,-1746840371,4186d0fc
-1411222156,2041492384,6e818480
441135360,-1147933913,2a6f7700
67935536,-1866860003,5e9eae70
-1012693574,-132668869,c50585de
-1539623454,-127696850,e3faae9c
-1073016652,-823121576,4a3a91e0
-1172640564,2085085368,cf20b2a0
1137062804,-132991922,030fc718
-1312160452,-251563291,814766ac
109470272,-806498173,3bd846c0
1000141713,-1798362367,5ec54e91
-115450018,-168650842,90ce48f4
1451413136,-1627071389,8859a1b0
-1444684425,-1532207188,bc3bf4f4
354708759,267702408,26e8a438
1572857525,933672065,a8488535
2027928156,75453777,6b4e831c
-1557573999,630554920,fe7057a8
1733344290,932567762,4e3947e4
1395204458,129004083,c0f2dc1e
-305593105,-830770475,0d4888db
940151499,-408783105,4ca8ca35
1377523419,-1322860787,e0b2ce1f
1320035455,1555819914,ee6e3f76
1711849329,-259992225,cd080fef
-486116077,459790132,a547bcdc
1305241259,1468699280,cab54630
563590312,930123238,de4cd6f0
1046572538,-15218737,14bb4326
408598893,1712264288,83e50ce0
-836326356,1466599258,1c9bbb78
-658490794,1174391871,cf74e32a
-1049439649,800226763,2dd33455
-298557631,-340140359,0f6c33f9
-536559135,1797278912,b44034c0
-624454094,-2016408654,18da94c4
1634500695,-1370938629,a93c634d
402242794,-102625929,3442b2c6
-809334107,32697049,a39c57dd
1730108728,-633445663,e7d05e38
-1761931580,2119825967,7ea71dfc
1723070675,2127929552,cf4d0b70
1020822322,604228121,5a4043e2
1310255112,1678018377,27966248
1276614674,167043714,0b631d24
2088500132,-392977206,c6359f68
-534092106,-77673878,6f6e235c
77648355,641419231,b39dc9bd
1746594704,-378183547,e72261d0
-806311730,22905717,50349026
209510039,-883991531,53d58663
-1399741165,-839738198,9c45329e
-614519877,355034833,5c1235ab
1491055601,1158816591,9e947a5f
623063399,285549144,3eaba968
-1168067295,1747969079,d5274e17
1100903901,2135111797,230b3601
-1110253507,-988635020,84fdbba4
272624312,1511974705,fa97f538
2143221010,-334390211,ac095d4a
-2034561212,-1901002802,f57b04b8
-2115296923,-135475695,11987db5
-1401829422,-15258574,5e6f1f04
-1442298014,2110752947,dbf3f986
-1386342760,189967832,a157c840
867181841,683425968,72d9bbb0
1915153995,92618997,3ecbcdc7
-1444934729,-807306073,9bab4861
-224472737,-1920903352,09b12bb8
-536490416,1836781759,b1a9edb0
54215693,665206260,4f21f564
-1104166156,1163469093,2fdca144
-1352060234,-566985153,12d10eca
-767514245,1087948620,6eb8ed84
1407411009,-198129644,c37e8914
1090196006,-2120272732,0c215858
391266277,-832607553,70cd7ddb
1876557402,1202818405,0452eb82
-1679333796,-938099940,5aa06610
-236816534,2027752012,6e679778
-1756461104,992544815,ebf96f30
-663792486,1500413822,a5f009cc
-1725339206,1298074781,0d608f12
1938847870,-1081956302,9346389c
-841052546,-1304085214,6378f2bc
-1660693353,889940428,16bc5754
-677242858,420432785,2f281676
1387672199,-1027817188,d1294dc4
-272349526,-49621396,fe83ebb8
-581370634,-1940555503,48271256
-218107914,-340704819,4df69dfe
22472740,15400560,014147c0
-667515161,1366016128,79fdb380
-2127162767,1300354962,62446b72
-709981323,1483895013,d43fefa9
1857854549,-1200412433,2cb23b5b
1793562710,896996753,2aa656b6
1093926556,1751722463,ee0dc5e4
-190595755,-375321874,45145706
1270792484,1357773089,5bc6e9a4
-875381246,1584025741,8747471a
-1309636919,315810119,730e0abf
-1713715129,-2110716847,7cf17a77
200598112,-1387538351,999ca060
-224489520,592379148,54ef4dc0
651659931,-1196918269,8a4c7dd1
-786591269,-862190928,64ebfc90
938802817,-1068355180,83abd394
2134589195,1719757685,0ff86907
1522068042,2004475532,1b464c78
-1105877851,2104624316,d0f17d2c
-1875805495,1397655447,b92d6b8f
-677883484,-243548134,c07f4aa8
1268158409,194250051,7c6a8e9b
-1650067343,1426596139,286f4bfb
-1276161954,1799507280,38316360
832021240,-638643737,2f2e85c8
174263163,-644797958,c53ae91e
-712191478,-107207887,d8c391ea
1745803865,-2014566169,7090ee4f
1940365550,-1457526399,73c2b5ee
-1313756833,1992085258,c4a86eb6
-1999940870,-423417793,3f6e7b86
-1525668326,-19486298,575bdedc
-479730038,1606220995,026c731e
-570612975,-2109524493,eefdce23
1988649948,-2029667113,ad2d6dc4
1377138274,-276826788,42a05538
1509370571,-1999187959,9a277123
1393008799,-933285504,cc8fbe80
-520635315,1801244820,32e36c84
2075676868,1092648092,87f02770
-597664955,-805238381,59ced59f
-896067780,-1655526327,85e9f01c
-1879583548,1672314812,41017bf0
-1513170304,924465221,a18ce480
-842990702,-1589359765,2e24ec06
-1889131830,748436275,06757c3e
-1219114762,216339425,cc5de236
-1583856786,-1477732503,bf338a1e
-164420806,2005843357,3e8a6c92
1334640573,-1440155679,6d34201d
-511255848,-1274328647,b623be18
806262927,299189976,f802d2a8
2066193936,2124605656,b6cbdd80
-1051949498,-1186990994,a0166a14
-1253370122,1421885518,f31e7ef4
1689846600,-1480858896,1ff0a380
-1373118760,-37964143,1ba2c858
1447815257,240021092,fc9b00c4
1159285995,-1732396130,724c220a
-818478042,1788796937,b8046556
1303512965,-409085263,f20f74f5
2085592,-169905468,a6699d60
124068655,1629214364,91ffbaa4
-622626946,-1206575904,c5705640
1863363797,89666490,96c401c2
2103782311,1976451486,87e85812
-9414202,1654050346,b6b00e7c
1263787847,1727922683,018d319d
-1574542107,1102069216,8a12d960
1083623581,1976327227,b0f4a82f
-1851495834,-77996251,44e83abe
-1182595311,-1616972773,5f0bf2cb
627385262,-1529439691,e0db0f06
1483621009,-204438522,a5b85366
-686732898,1367798739,32d4a73a
258154595,-2030887943,fbcdf14b
-970815070,-1054468001,53c4431e
-1077810654,1806884624,e8b64020
1610740589,1084384960,136dffc0
-1926713969,-1849631642,5d9c0afa
522870167,-206488300,92034acc
-15299759,987082557,7600914d
-1592179692,-2052231404,f001fd90
-181180212,805005865,c2a440ac
-1626843447,1038607922,c1f88942
1981909700,-1560970992,12435040
-506190804,-403656532,30a68d90
1432652962,773659111,e9d0b82e
776297769,-1640163866,c3bb0fd6
-352589292,-1279319168,8fe1c600
1840503982,894942183,64a13b02
631755278,714620127,26bb4232
383114867,492824874,fa3a29de
-224378440,-679678719,ac9799b8
-1538117406,-2113683827,d832a87a
1921937937,-1978413505,721ac02f
-1120618012,318766962,f8c0e388
1061599653,-1997139723,06d7fae9
-7378285,57313325,f6b1d3d7
-1548842451,1573363332,e1420534
1923583024,-1727688616,15633080
13848507,1953547433,f25ace73
-41530667,559408003,b37629ff
-662402500,-1353667614,e4181cf8
1832571020,-1901273645,9392bf64
-196982135,-172366849,1020b977
-313934180,602695411,aac21614
-1550076794,1554595387,bf110ee2
246089836,-296742531,8ed248bc
-1195915371,1799038306,8c89f00a
-1856927393,524266143,b63e6801
-946710861,1071529376,d658d6e0
-1059505188,792869153,0d0cb35c
881769624,529152214,3a82e710
-1933331153,1638450277,15c6778b
-1966798599,-1423616480,28a1c520
-1794981381,1967880317,98cf5f8f
-740397325,240938635,c6c6a7f1
-297284366,278053680,6096c360
1621714505,629437037,e2510f15
2125236907,1759912302,b9a5a07a
-529431594,1242199919,17dca3ca
1611432278,1610267801,ce707466
1877272571,-399417512,47d0e348
612974705,48182508,940d5c2c
-98037976,-1172640564,dff4f3e0
145067935,-1444684425,42ef05e9
1605884828,-305593105,159076a4
1531675230,563590312,04a9a5b0
1503993550,-536559135,0191610e
1456809150,1723070675,721f589a
-1366265613,1746594704,f99c99b0
1749917535,-1168067295,1d4fb63f
-1762048412,-1401829422,e0577a08
1466559728,-536490416,2e732b00
-2132542714,391266277,58a2065e
-1832309667,1938847870,471f6dc6
1313975879,-218107914,3aeac13a
-1748559704,1093926556,9941b660
998896079,-224489520,59e91930
1032936425,-1875805495,448733f1
-1298627123,-712191478,d4d36402
-238502144,-570612975,4371af00
1641178470,-597664955,d600967e
863499590,-1583856786,2a4cb614
1507681896,-1253370122,ea0557f0
-1539928249,2085592,a92a21e8
-1256446330,-1574542107,851ecdde
-125827296,258154595,bbc6c160
81412366,-1592179692,82b2cd18
1420973313,-352589292,e19c8e14
667986614,-1120618012,4c2d9018
-1399881746,-662402500,935047c8
-59572785,-1856927393,c5fef6d1
1462215469,-740397325,5ac339b7
-1510443492,612974705,852f225c
1602336807,-1366265613,80a2dd05
-573810451,-1748559704,a1ab9388
-1414131737,1507681896,55b77fd8
165523578,-1399881746,b2cc976c
282905814,165523578,30cabdfc
-676510557,1821964524,33012e44
970661997,1308044090,fc42a7b2
737548059,685835927,396d42ed
626142655,1193224669,e46614e3
-1392740265,-833822766,8fc2805e
1821964524,180714685,0b1e163c
-2096521989,-501965402,b71db9c2
-1513380854,-916277775,b5847f6a
-2051003394,-815656870,418b574c
-1250904734,-827004701,6c39a5e6
-1656632331,250109363,18219d4f
634850786,-822183178,7b810b2c
1308044090,-80979717,b42b51de
-429576583,-1100201705,ccefe5df
-1749550200,-1375348259,47b26c68
-1754741395,1071150661,81357461
-1476072588,1727333370,b1944b48
451767889,46903421,7e018d8d
952146288,855314403,ec959e50
685835927,-326437445,f914534d
1142422339,890917928,e5ff3e78
935265726,1211355973,0d122636
-324996455,-57264936,1ab9c518
116414596,1253353413,85823994
1171464865,-11224016,e0d8ba30
-696359031,849473709,53a56795
1193224669,-905534764,fb7a8504
-696441993,-367677347,a29ab23b
-1047734634,545628590,5c9c2ff4
604185774,-685743510,d517cc0c
375002132,-549883998,182960a8
233627393,-1786556603,8c2c6a45
-1891284100,-739109762,7d38d708
-833822766,-1078771357,7a64e036
14826204,-1602961876,3a4165d0
1526088777,-752344725,9a23f383
999379868,160559238,43d003a8
934689199,2013818524,154c58a4
1516858124,-863697898,97f76308
-59925948,561336442,d184c468
180714685,814471908,eebb0a54
-2032568399,-831258107,ff62b875
1760450955,616341100,ade590a4
-1154025499,-725968843,25f34a69
1585762757,-1291564915,703af181
178855978,105032475,5f26726e
498725712,2146883840,1e1ed000
-501965402,1835448278,381172c4
-1576950796,-1019632005,446dfe3c
-76183365,-553545954,8ce17aea
-2017456006,-436860773,2909c9de
267259928,-804279891,5de8b838
-1058205936,-1063959601,cef05df0
-898648813,-1118589568,71616080
-916277775,2080961372,7db5259c
-443775111,-1566174529,8fd59547
2009822622,-637388380,82c38738
1171818334,-7812471,c7a09d4e
1379879848,1277622085,57fe7c48
1715674890,84361281,ca13618a
621864782,1154581381,76d31586
-815656870,-329947080,99fa23b0
27063339,-1592682694,336faebe
-1047276136,-1870467767,0715a058
-991815325,620054104,b868cc08
1688823979,468658996,a7a2fbbc
1361237399,1321093724,c2546844
745657265,2029146129,9b085ec1
-827004701,218544108,dd92f644
-576559051,430078686,b7099ff6
-141418654,786153948,6011da38
1179607125,-1967282464,eeac6860
1131827759,-1204854113,10940931
2142701612,-2135714275,6d49b4fc
2096681221,-1604740152,13ae52e8
250109363,-1550400672,76647c20
-653346161,-1997583308,99e1590c
-1188886024,1822135200,7dc7a300
-1671696662,1676642260,81953fc8
686408147,-1726941775,384df1e3
-1904359239,1578622099,e1583e3b
-299347024,1174792373,b0caab70
-822183178,663069563,d85db632
-1197818946,289861652,700ccad8
-1764852873,764753261,bcbd34ab
1010840950,-1832473509,340248f2
885624762,-185941201,e1801126
1593608019,-1936015017,75c59035
1513244838,645226764,1fc04dc8
-80979717,2128431185,4cbdbf6b
2049481498,-1853404423,130a604a
-897291651,-2125691918,cdc6a12a
-80702875,-1573476197,c1c8eb27
-435965668,694632257,0dc9dc1c
116798196,953859370,abca8008
-1957211709,-52258865,4efb21ad
-1100201705,2108664341,3bd39ce3
1193413333,-2145854687,ce9f9c75
-1212521284,63220831,bdc9b1c4
2122545801,-1479652796,95962664
-1236289311,-470514921,e638bf37
974569660,-1687533478,740ca218
-906684666,-157595522,09bd04f4
-1375348259,2100855116,2ddd0a9c
-1040751937,-960163228,e08f009c
1275326010,-587525,474262de
-921093608,-1017208226,6ad684d0
-807899007,584562957,95a1ef8d
894062036,1034109671,5018e24c
-514729015,-601160388,0f3d701c
1071150661,827689207,1297c493
-788634625,-1097245694,13536bfe
84543748,1377367720,139fc2a0
-2060347978,739570913,4d7e0cf6
1498125883,1643948534,f1e34fb2
-932224772,-1329069877,f531e7d4
-1151692040,1625009056,52ef8300
1727333370,1420176994,0c9e71b4
301485464,720166571,cc45a488
-950148652,-1870344880,2c7d5640
-1758089423,-413117596,62255224
-1483836485,989510759,69ebe43d
799703361,1820197847,11b45097
578111021,90491837,b9ce7e39
46903421,774132835,32424457
-1305381219,-43988384,7e045ce0
743134196,98614549,78a90704
-324647425,-1128051305,2e5dfc69
-1807264889,-1529058785,c13d0359
1265559261,-655701093,1b3906cf
-2106567980,-755927449,22f30b4c
855314403,1777033013,694086ff
-89423182,299402701,ee6e228a
-1179292339,-872359245,b4eefed7
-1380636177,2022818946,b279475e
-135879066,-110089878,98c73c3c
1383800261,331469421,2d5c46e1
-729329840,-877835340,1c703440
-326437445,-857217551,bc5e9c0b
-856155501,112239603,3f7cd289
1729838540,1670943295,7e128d34
193357933,1902556996,dcc7a7f4
-1095576575,-1439247919,1149e5d1
476834028,-1263565263,15e71d2c
-331656860,-510418839,979ee204
890917928,496214411,3f30d9b8
-117944162,-560477461,0cc0ad0a
-917518450,-602708542,dfba3f9c
1089008880,-1482406875,bc7b26b0
-922157995,166894409,49b16b3d
-526179261,-1661843416,17068278
1495337769,-1372779629,6da92b8b
1211355973,1334947891,f8a786bf
1736108345,-33789970,9136c1fe
-828946829,862149994,a6b3f29e
811141986,-1996315533,4c0ee506
1030753468,1518983202,9c3c50f8
1898608710,900576578,f94a800c
1573356647,-553049116,2d6b00bc
-57264936,-1279466369,ec349728
-1553278287,-1734863274,05c8ad76
51501841,-1291666947,8916c8cd
855614726,-2079152139,45bbd8be
-1847408132,-715719904,1f0b5380
-871271481,1376343642,6b068df6
898487733,-1940845819,be38f389
1253353413,-1654966630,80177a82
1923125222,745582442,b579cf3c
-5080411,-909720783,4d332895
1459182118,-1401525485,c2b392d2
773526547,587486077,3406f647
-1890740058,1271536752,43a0f0a0
1193992554,1509303774,5f9fcbec
-11224016,51377279,05371bd0
-633024471,997055238,1024f3f6
-1988444990,322294309,07be6c0a
-2141056412,1543452420,f117c590
-1456846347,-1377953911,07bc971d
484317638,-152846595,7d326cae
-954077388,-1935489685,2729febc
849473709,-904742425,2537311b
-1908124574,-969160221,0b6dc4e6
-1649743937,-91061,86cc48f5
-2014221718,-1948246764,a2aa5248
-350738056,-1140996545,2e9d0488
451815511,-397123463,1e3db11f
-1253044489,-1317053076,c6bf0b34
-905534764,539705005,fb876144
129057274,1656044357,46bd6662
1095036372,941896619,263c189c
-14474267,1705583474,76bb4afa
1673135656,1990502504,f93cc040
-425574391,-1050165180,7fbec264
-682038774,-759961201,10abd596
-367677347,1810057160,265293a8
874758648,-337399198,7976b0f0
1209458474,457210358,4df54c5c
-1504157499,1798170766,b6593546
177806547,-1557937434,d740cb92
1589988957,1213831319,733d70db
308591524,-24800814,591dd088
545628590,1674822349,dbf25456
1499678971,-1072317440,262f5400
1558971332,1437188852,fc321ed0
-1882121251,957903962,21dbefb2
2112872490,-737372304,e022d860
47464678,1566810133,8aeb12de
813143886,-862883639,3b45ec3e
-685743510,-857517848,d0185010
408849664,893257277,2bd59900
1755657036,-66362518,3b81a178
574415388,2073453741,dbdfbcec
2016297753,-434176679,d35308b1
267858750,-1352444592,443d9960
2091213469,-1647247979,67478e61
-549883998,-13244934,d97cee34
494392708,-831575261,f47b5d0c
748213829,-1131166990,b079d73a
1336006753,1359992723,0557b6b3
366452314,-1556772011,6a3471e2
-1077784612,-506684866,5469af48
2140283488,1183034897,a3318860
-1786556603,-753084585,a1bee373
-1936336968,-1396429974,2a273a30
-672241414,-485967793,f3d61526
553042185,2110591591,960f4c9f
-334311314,-1294411049,a21ab862
-1786554830,-1539774557,9856ffd6
-283304794,-972298714,453164a4
-739109762,1480246870,63b85654
-2084943085,-1701029112,84161998
-1718913405,-141850274,c1c29f1a
1193007240,-1602450536,38fa68c0
2102197133,-142817312,5e32b660
1865183706,71676699,e50d6ffe
-968019923,-48632153,4c89435b
-1078771357,-425107965,2d771e29
-1022627116,134995539,a88f92bc
1778893660,2147483647,95f83ca4
189298413,-3,de269b39
-1099168177,9,b25c38c7
1313415528,15,9648f518
-592120511,-31,46164d21
-1602961876,-65,425bb6d4
-49425737,256,0dd2b700
-1718950410,-512,ea341400
-90608500,1025,604b9c8c
-935422786,2047,2c675b42
-1928799502,-4095,ff59baf2
2136849982,-8193,c8da81c2
-752344725,32768,10b58000
-421130508,-65536,f10c0000
434214826,131073,493597aa
-591036258,262143,25b27f62
-1334267185,-524287,1a00b2cf
995018828,-1048577,3ff137b4
1013486929,4194304,54400000
160559238,-8388608,bd000000
393527335,16777217,3e74c027
-56385665,33554431,015c6081
-658117226,-67108863,80c5ed96
-1220146228,-134217729,e8b9f434
1888262,536870912,c0000000
-418435205,-1073741824,40000000
2013818524,2147483649,78086e9c
1417425220,668265263,ac56777c
-1486817195,-208597874,ba92bb26
-999537066,90802087,c2ff3c1a
-1022585216,1562183176,f06bb400
1526354264,983298623,34c734a8
-1877040992,-881024675,4ba4fa20
-863697898,1040696767,63fcfa6a
416528831,2061459611,413a16a5
-1712686677,-1771434735,b38dc35b
201366048,-859285854,b5284840
-1232016843,488146430,636de996
-1866167550,-1940472209,6f0fc1de
-1843068337,-632399289,852569e9
561336442,-603951836,7fc34328
-1452384533,-532197905,53c44c65
2068573677,-2097495803,5a4d52a1
-720308575,1114842028,c570b72c
-337549322,39790063,4bc09caa
-1722343384,-1618004502,01a3ac90
626018885,1481482063,70a8c64b
814471908,162933963,2a9dc2cc
1321389592,-1862813336,1f3b11c0
1432634444,-906650411,2ec7233c
1626036155,1289680855,0f761b0d
-462567633,1484113822,82117802
-1621766920,-958422665,62d23f48
-683459118,220424703,1e0bb62e
-831258107,-655606757,0b516287
1961998680,347892537,0eea0c98
679449478,656709793,60ab5746
1952491581,360495251,caf87307
-1887954458,256399246,281b8794
-1634747053,1363263854,d491ecaa
-434327450,-1921776143,4cac0e06
616341100,1432352633,0015150c
-1088280085,22301738,2c28a48e
774240865,-1847287726,740ad312
-959010197,641355092,4df01a1c
-1906406906,1143016972,3ac0cc48
1470240721,61300924,204edd7c
850158571,-1518908400,41ad02b0
-725968843,-1101239826,56f33e46
2067940403,1004824988,c8c67a14
-1026403791,-1618633852,eeab0c44
-587409702,1782322521,309e93ca
-1036429514,2061319010,96aad4ac
908088995,-558047791,14e57213
419982453,-247069292,6ffafca4
-1291564915,1829746343,1ca291fb
970912179,802266568,208a9ad8
1443780445,-1207827196,26a82e74
-1182548419,311009602,c74068ba
-502885774,1232844954,8ffc0894
-723818155,-2093743049,0d0cf543
688426260,-54371199,592a4714
105032475,1179616457,79e74433
1127785871,-375861564,807fd37c
1978826385,345844738,8c92e922
951399190,1032866896,7e2a7ee0
1258159719,-454924987,bec234c3
1046156665,-244551715,4afd0075
1636944212,1492988064,28e19480
2146883840,187667038,9b65ae00
-165589683,785578410,15773a22
-1568596717,-1497180980,c55ce724
372096754,846909657,3b3f7b22
-972081340,1837162174,c737fc78
-854993706,-812058242,e3eae754
280703330,-517405252,fc212df8
1835448278,-1924318406,9f01f87c
-1166116183,-83491884,7f238ef4
1192463508,1655822601,ec2d6534
1805735509,-1158985014,9249b112
73883445,-946335658,ab254bce
-1299710153,-381395794,11c33b62
441088545,755353992,a119ca88
-1019632005,-797820882,c38cd21a
-372689364,1693774730,d6d2f7b8
-617033272,-1604600163,2fa317a8
-2135908726,1038196500,f98e18c8
-983487593,-686457979,9fd03273
2010050607,-2030737044,e2cb9ad4
-37797055,-958646205,51a0d203
-553545954,539000581,c4c7ad96
576208563,-1412721433,4ad10f85
41591204,1709796298,08971768
699889058,1342063702,739c8c6c
-635308008,234153065,67c421d8
482805062,1663823201,1c0ccd86
-365248483,-1456474687,3a7996dd
-436860773,1492566086,f4ac9a62
613982320,1378265858,ecfc10e0
1314985059,-936588705,8920aebd
926546725,1565198399,6bf4f61b
1791210396,-1567448906,5e5b30e8
1468445575,891720311,1b0a71c1
1671305242,2111994561,6aa08f9a
-804279891,2144419904,4792ab40
-2021670188,2020304534,1b18a038
-258476831,337506776,5f3b6ed8
530158796,-129489962,e31a4688
874620707,-1217851802,2ee781f2
-1861133107,723136641,36f8334d
-3768746,1755196848,a5bff920
-1063959601,-1636927983,7c1ceabf
-1207000490,1928262549,3c901e0e
-1872966274,-1684806054,6a99724c
-302132980,572685660,d1e1fc50
-1806100935,313540590,207aaffe
1218890663,-221094231,21e1c33f
-1371624934,268574572,0d3ce8f8
-1118589568,-457421867,7473db80
2009169845,1748080985,413d92ed
-1269110331,1507703205,3d9908f9
1927815189,-963249415,5d54b66d
1548344458,-1596112193,89191ef6
824122616,1934678822,5de674d0
2000738584,-496337215,e6ad7b18
2080961372,726076370,14509578
-113439462,-802083877,1a67933e
584521217,-1602105708,ee8e8694
-612163908,-614674490,acd3c968
-1172844653,-1477587831,a03e39ab
1309134543,-398681242,e1d7bb7a
46638190,-674111176,b2fea610
-1566174529,2074267786,3e9f4af6
-89606926,222022305,c0a6c032
-227379011,-2004012493,907bf7a7
-1808142336,790991040,72740000
-108274137,1748987230,b28b2d52
-1848306660,1810556169,d112c0fc
-899703841,593970707,5d708b8d
-637388380,-560990943,a60f6224
675812694,209219145,7e090986
-107859816,1234516238,d3488050
-1554275034,-2121476986,dd83e9e4
-582910257,702165209,f7914d77
1899196197,1808260678,6b357a1e
278581611,-1093494045,0f080fe1
-7812471,1834918937,49698b61
768609618,-1115994276,1adc8778
-1477892498,-1677121239,9d5cc59e
1326975385,351083245,80df6ca5
241541993,-1254497375,cd32e009
1181590244,2001894984,ee0a0820
-2133505746,-1128742860,83455d58
1277622085,1508845862,61cdc13e
-316780358,-249429579,9773cd82
-1874429443,-1804721797,164c398f
39504071,-1959743906,441cfb12
1298754588,-620769465,3e8b9fc4
-1037295072,436049309,9e8d8da0
-1356653213,-362804495,c2548833
84361281,1009093771,37786f4b
-2099085327,653680185,06fefaa9
911135055,-519903679,abae1f0f
-783726599,-1372163632,d0d56350
-1588356681,305730236,71f2c064
-1307267518,-219151955,2e88049a
-115341654,-1150875556,641db518
1154581381,-1886606775,f8d0d2ed
1659716872,-56577000,1fc818c0
-1305067611,-1874136610,d2a78616
1835822644,1923114327,ffd3f7ac
-1489367639,725634873,f36431a1
1003444455,-879674585,6deac831
1999520364,266490817,d0c1176c
-329947080,755018375,303f2588
-2130231520,1463510902,d01cf8c0
-908238772,942487381,238d4d3c
1955334605,1941899501,ace67ac9
-1346031617,1205992300,655e4494
1497344413,-513146633,546ea67b
79535979,-515953819,feebde37
-1592682694,-1975442658,f176a6cc
-1564694849,2069368289,b2ee40df
224111673,-1095406794,349f2706
-1305819968,-1441097666,06ada680
1907856264,1859866134,5a121db0
-1111011557,-1812802406,7fedf23e
1037007909,-1748518104,8bdd6cc8
-1870467767,1465151814,f97e1af6
-10978683,1651082594,e212ffea
1481400043,-1441293113,c251fcad
-97968293,800105271,315cad8d
-1130409385,-148847177,ac20cf31
1797233694,-1426741201,bdf75982
-1558579932,1726404116,074b3ed0
620054104,2049831659,171ec2c8
-8626539,-1517193543,8fde07ad
-1856408795,-1619560672,40e797a0
-1931728109,431814606,43adfe4a
-2094410121,-1444686250,c3da85fa
420238061,-1240975855,58b77fbd
1481623937,-1802101528,67eeb8e8
468658996,-2104878429,c5b3ca1c
-1141971494,-914384926,03a08074
1630667197,-1802591353,535041ab
-553625865,1112518970,466d7af6
-197303631,2031316971,ce47577b
1880991098,-2060221134,a610b3d4
-1978912731,1485476226,ad6767ca
1321093724,1126173919,e2bf1624
1311697909,1965571739,8ad63357
-1329084320,248652427,23d68c20
659861772,-868396602,f761bb48
-1943657794,646230171,30f1a90a
1797607951,-934529647,7e94957f
-1154431018,-412306705,15c55cca
2029146129,-109429427,cf10221d
-279570133,1974723278,d991369a
-234352988,-489908790,1d910168
200254169,-2146002071,7b892e01
466724967,509825517,49367e5b
-452152348,832821077,e67836b4
670778609,-791963423,cfe1afd1
218544108,251917422,fbf3f768
-1721347968,641468735,37024f80
-1855128113,16543499,597fa8e5
-745423661,947712926,8862d33a
-1143689134,624066586,b5c6e854
-155125236,-202549064,91c3d8a0
-1613417371,1284250353,c2449515
430078686,1237576820,4bfe5498
684787076,495853242,29bb79e8
-1617726781,-413254830,3147b376
-450133598,-1347692144,1e913d20
-310082584,-1617658467,b8cd2d48
865433460,-1404615653,35aa693c
1773200993,-147420565,b896948b
786153948,-1921925669,123a4334
-91028580,1582651099,39c67e74
1823606543,694292604,e16a5b44
-928248765,156492910,c991f0ca
-1971630844,-2025070861,0bff92cc
-1184901792,-1329351127,5a2b6c60
416909377,-681242110,d5eca282
-1967282464,1516668186,dc3552c0
109411152,207707396,1131fd40
-1780016926,1214714545,77761842
-1275114770,474901732,df7f23f8
326395280,340000146,f5713c20
-1505129025,1426895601,bfc13ecf
-849427940,-1785059844,ec2d1f90
-1204854113,1611238147,fab17cdd
-1166863297,886748731,d2907485
893367023,252248842,1efcca56
-1740195171,2043463139,5e6e4a37
938975397,-520712253,b2e988af
-376495708,675249317,c4e81eb4
-578765509,-937798485,8313c269
-2135714275,-1721621567,610422dd
2008376925,-1072545531,58129cd1
468096229,-101949648,cc98e5f0
-1357416687,1969661560,7ffad5f8
-776443780,1907556625,705b6c3c
-1204631533,-1111679938,e735889a
433016287,-1134585383,70044907
-1604740152,414575575,d1aa6cf8
-393779263,-1708264140,28b9c834
-2011066052,280875442,0834f7b8
618728761,-964907497,c4d0ee1f
-294841467,-1808893817,4291a323
1697944667,2043694302,ec93aaea
-45269230,1178812554,491e7fb4
-1550400672,-1344932109,56b9b420
-1111727289,-937521058,bd566412
-1322515246,-2104680627,ea7ce12a
-1682517359,531511435,37e20cbb
-605027645,1745214187,8d7b9701
-1535984925,36897014,07789622
-892541825,1878077411,9e30ed9d
-1997583308,-1711787762,310c1ed8
-710783789,409060137,bb7606cb
-2100255118,1888448593,86848a12
-1651264416,844109943,3691d8a0
-515980363,-450549903,2eadf5e5
1688973639,1018758123,2cfe912d
-1311161659,2005264456,2cf64f68
1822135200,-224207799,567a98a0
-297321962,2072524125,bc96a7fe
831735161,-300490994,75f8339e
1807732101,-1059959896,3e2ed648
-1707635942,-876786578,115b7d2c
622060580,1233972160,19082700
-848556479,926219655,fa45c147
1676642260,1406452593,c8c17094
1435239977,-681322804,09962eac
-609271046,2047042255,a748dc26
1577023120,151336934,b6cd7560
-499517305,-938989358,de9af6be
-1201859589,1749574856,fb1da818
1802278099,1862094106,5051946e
-1726941775,904184730,75fd9f7a
-28830343,149757981,79de8eb5
649798680,1700330408,c77337c0
-322480998,-587666491,7d3d7882
474453846,701838361,fe493f66
1253829392,205590694,a39b6c60
-616687023,85806090,906a132a
1578622099,-1673641417,5d984995
-1883909504,-1036022246,40ba6100
633495692,960435475,adcca664
1403635733,-1752796531,cd9a8d91
2101165709,984786071,8b3c392b
-2005133145,2076321437,0b51e86b
-917256064,-1724519378,6c640700
1174792373,-1997305447,0edff12d
164039738,-1159468326,401b6d64
1344348581,-730889214,f026574a
129718902,-1996351563,27838f6e
-2028844263,-1774152886,f8a9103a
182821399,-149034814,ea84ad6e
812504383,-2104738924,ec18cd6c
663069563,1231811892,5402ebfc
-1157738486,-1279738445,061958fe
188229694,486184405,19b19196
-655242958,28270375,81ad349e
-1547884231,1140851166,df32f86e
-1073987556,-325932680,e4888920
942772529,-1737325742,1cfe94b2
289861652,1000452526,62c90198
260684753,-552938637,e5d6a1e3
-2139273820,-1163398291,346d52d4
-1822927587,1305172432,a45b3c90
1041482825,-1732570868,f2490c6c
1575570779,-1869434950,0549691e
75187836,402225844,98e0a730
764753261,-657392301,9dbd0b57
-475799094,495355916,cd5de578
-161298597,1447834531,4fa00ff1
1649768333,-924203652,5dba694c
885504322,-1490458371,0636e63a
953929590,-390179229,be46dea2
-1076145843,1165896088,cf239ab8
-1832473509,-1923820513,f9a63b05
1119944329,-1212283628,d4ba8fb4
-469276411,-1298790507,ef1d42e9
1106434918,78239851,e7f5c3a2
208407756,-1319927840,ab086680
-750006513,-1395951852,0411262c
373422347,-481910944,2c6d3920
-185941201,-375918600,575ef688
1571260401,-2025850134,c1329c4a
-1417036189,-643342701,3195acd9
-1597510712,1693575545,0b5f7988
-18535815,-571956988,0df2c2e4
909071268,-1206137297,ba4a531c
-916135252,1905027781,a28da65c
-1936015017,1754026936,4f7e2b88
1379943687,254920399,d6b23aa9
2128791629,2008708756,36614a84
-542848862,1554974808,65a807b0
176848093,-1166206660,888fd8cc
-1850310774,-835670023,7191633a
519271926,56953391,9d5c442a
645226764,-1339863181,04514c64
1214210641,1903562313,ece97719
1194912008,1445605506,c1e7d610
-2040005475,-1986032328,9764bb58
398847240,1969079790,2d518570
983663604,-1962805480,5568cae0
-1948695082,-222560705,4d1483aa
2128431185,-1893745135,a92ceb61
-1702242637,-820648460,f21dc19c
-1374707108,-412507691,43d9f28c
1463715761,1589351384,a0f82058
-2035184228,1661261266,c2e8f5f8
387690193,-982200266,6994b016
-600387488,1502855403,49b94820
-1853404423,646852100,21b3e9e4
-1370873200,-1874620751,ac1dc590
-1637607437,-570125800,08d6d4c8
1760997827,-1194779719,992106eb
-1411402031,1376752136,9d7fe888
-1091619825,-1062373701,28dcf0f5
64242662,238356677,37156ffe
-2125691918,1570827407,24a0cc2e
895525248,-1729321855,af276180
-21727753,-542916085,f86b3f9d
126881564,1346208503,cd56cc04
-920969653,1484707510,55843b52
1053560241,-861217387,d81fc505
-1526237795,1026186703,db8422f3
-1573476197,-761293424,ed260e30
-593678176,-72060598,3866ae40
-1959205192,-259185537,a5045548
1266174196,-1568218076,559b9250
1029463025,602016428,f3672fec
911602561,-2080017776,1c4d6a90
83594988,-95628047,e93cfc2c
694632257,1590170018,57515822
-1412522655,1175106814,69725a3e
-332885120,462892451,00436a80
-1570694827,575838442,7b059fb2
-190951638,350146317,5c78fb22
-297586054,-131177021,420594ee
-1453057507,521072446,6b356606
953859370,-1781438935,23b107ba
203662057,10566786,f8d05652
-116099809,469770307,22fe871d
1889986328,-1894386938,6e3d3290
-1689778603,-1288294984,09cf7e18
-302155485,-309189168,7d6a7b70
-1610166796,144286207,65219a0c
-52258865,440674132,d87658ec
-2069466697,991365098,31b0f246
-122689208,488288129,6a6cc548
1492922730,-1613207083,01899732
530677076,-1598577520,562c4f40
2104381029,-704144446,69d18f8a
312493619,292897777,f3906f03
2108664341,-1934206156,60120344
1693949720,-1539623454,71126b30
-980275464,-115450018,842b4710
-753227736,1733344290,4187b550
-1484633883,-486116077,be5a11ff
1691168411,-1049439649,54657185
1306199423,1730108728,5c4956c8
-2145854687,-534092106,cc64ef76
1277229563,1491055601,c37ad64b
983384413,-2034561212,3588cfb4
592132064,-1444934729,3a2b9120
-1889749389,1407411009,5211cc33
-1618178710,-663792486,d9e9d9c4
1524434078,-272349526,d10044ec
63220831,1857854549,811b1f8b
-308937527,-1713715129,764023bf
-600078783,1522068042,6aa438ca
716262266,832021240,6c7a5230
570322940,-1525668326,a436c798
931301013,-520635315,c6dae6d1
1170153721,-1889131830,a567167a
-1479652796,2066193936,cb169c40
-681124641,-818478042,59a1451a
-1251620849,-9414202,26d5f29a
763756657,1483621009,5d916201
-1131577297,522870167,57bdaeb9
1514089840,1432652962,989400e0
-1812049216,-1538117406,d7890d80
-470514921,13848507,0404dacd
-146928458,246089836,b0250cc8
1655791761,-1966798599,03207509
-1832898634,1611432278,a122bd24
363820742,1503993550,66bac754
-1470210818,-1832309667,41b17046
622873918,1641178470,64343cb4
-1687533478,1420973313,bc042a5a
1196424826,-573810451,9fc086f2
-484441206,626142655,29b5e5f6
1429952512,-1656632331,f8933800
-106956496,451767889,4a207830
-2142194842,1171464865,c5a65f26
1950234264,233627393,b1ec9e98
-157595522,1516858124,7e420fe8
697075992,178855978,d3097df0
-1745039957,-1058205936,f728dfb0
650283938,1715674890,29e81254
-50914826,1361237399,1705fe1a
-1129390328,2142701612,4bbe9560
972164150,-1904359239,e3d30306
2100855116,1593608019,9450ffa4
-697286801,116798196,de0a23cc
-1503642148,974569660,85fa6d90
1197476811,894062036,6ec3d31c
-372777524,-932224772,9f5ed4d0
-1727009388,799703361,d40ae694
-1610388801,1265559261,07ecc0e3
-960163228,1383800261,26c87af4
767107665,476834028,21a00aac
-104255119,-526179261,058ed493
-867108207,1898608710,f0627ba6
1308993078,-871271481,41a475fa
-350184177,-1890740058,72e9bfba
-1182142677,484317638,14542e42
-587525,451815511,6db5454d
1002354485,-425574391,550bb0dd
-1197884484,1589988957,66b87b4c
276833194,47464678,b8d28abc
708252078,267858750,72bdf224
575046970,-1077784612,73ab63d8
-2120325664,-1786554830,08c925c0
-1017208226,1865183706,ce69c20c
-465382324,1313415528,0a300ae0
356787980,-1928799502,f80d2158
-1324283691,995018828,a7db073c
-2091162382,1888262,60a0fdac
-1471582034,1526354264,4bd1c9d0
1043348055,-1866167550,46a9b1ae
584562957,-1722343384,11418a08
1311789187,-1621766920,577562e8
1877359260,-1634747053,460e2c94
-1612616583,1470240721,8b5a6dc9
1604578164,908088995,dcf7e2dc
628923316,-723818155,d13886c4
346137907,1046156665,1615441b
1034109671,-854993706,0f00391a
-2103984539,-1299710153,d68382b3
-1174497595,2010050607,b89c5e2b
2083583773,482805062,2dc222ee
8684426,1468445575,ae16dbc6
13600492,-1861133107,dc57dafc
-2020942130,1218890663,f3d8b262
-601160388,824122616,1c83a220
-1391142963,1309134543,161c74c3
796991716,-1848306660,ca6568f0
750629924,1899196197,7fb2a534
-140260948,1181590244,19ba7530
-1086880362,-1037295072,e8769ec0
-1772188205,-1307267518,d341fa66
827689207,1003444455,97fc7ee1
-1288214077,1497344413,4fca9797
-1571851399,-1111011557,bb1284c3
-164232107,1797233694,d2434df6
-1305903112,420238061,7308e898
1332161758,1880991098,8c3c77cc
-613946766,1797607951,aca940ae
-1097245694,-452152348,160357c8
1980672639,-155125236,c47003f4
-1107020723,865433460,d6087de4
1895658198,-1184901792,83011e40
-252040231,-1505129025,cbae3be7
580999266,-376495708,8c7f40c8
-1189380073,-1204631533,c59a79b5
1377367720,1697944667,ff98cdb8
-849396763,-1535984925,acf07e0f
-2066861216,1688973639,37d59fa0
1319698480,622060580,877ec6c0
-1491174437,-1201859589,84a3b0b9
1849318126,1253829392,acf828e0
-1573406998,-2005133145,f4d642a6
739570913,182821399,101d6237
285672364,-1073987556,8eff66d0
1465893102,1575570779,eaaf2a9a
-2132592339,953929590,e576bdbe
-285474595,-750006513,2d35bff3
-511205995,909071268,cf534274
-1561275442,-1850310774,91595f0c
1643948534,983663604,4f80e078
1816595326,387690193,381a05de
1272072115,-1091619825,f1ff8f7d
1050771842,1053560241,30d624e2
-1487736207,911602561,62726df1
-1444761097,-297586054,72700db6
98823937,-302155485,ab1e2623
-1329069877,2104381029,25602a17
-1346144014,1691168411,ecdfb686
1125898858,-1618178710,68ccd1e4
8480347,931301013,8e1a34f7
-2067542010,1514089840,ceb610a0
-450409538,-1470210818,fbf96e84
-1908332408,-2142194842,e7cd3e30
1625009056,-1129390328,881dbd00
-1160321411,-1727009388,2df1f944
1251237893,-350184177,f534b14b
1700593091,575046970,9039cd2e
1527675823,-1471582034,56dba0f2
2090649771,628923316,7590a13c
-687308290,13600492,cc44ca28
1420176994,-1086880362,0486176c
1722741232,1332161758,84db0e20
1018476275,580999266,b0e49106
-294072711,1849318126,f2507e7e
-799624773,-511205995,821220d7
401347170,-1444761097,39ff7e8e
172681346,-450409538,4b84a67c
720166571,2090649771,3e625439
2007262153,401347170,683e54f2
-1855453605,1915734829,bd0846ff
1563012748,-757551936,fea8f900
-1072791365,391465396,b7fed67c
1915734829,302533279,3fd232f3
247260124,-1858670547,593a4dac
-1870344880,-311264675,47b6b610
-1134879016,-246713690,181a3010
-893753470,-1087014883,c38ca9ba
2052068581,1463878149,24df3279
2012925374,-1130352020,b8bde828
-757551936,-1346443119,3fc7d8c0
501113389,971191611,ff7af15f
-413117596,-1581980552,c5bc26e0
-1395449710,707243865,52e820c2
2059516502,998660008,c0798270
-474603742,-1441641866,5f562dac
1223709708,-886994697,66137794
391465396,165671405,6c23afa4
1436839463,1244636396,c94f87f4
989510759,-861121786,5629cf6a
-1202796771,-1332456497,9f056773
-1331854532,163676248,83ff1ca0
352089926,939335722,ea82517c
-1838213257,1165732030,ef068252
302533279,1731337873,bb7ee60f
50722403,-522226800,a14610b0
1820197847,672447722,9acd6686
1457944670,-1339625717,643aee0a
1637649977,956619874,d20b6dd2
-1354537792,1891582235,c3f06040
1779228092,973930469,ab309d2c
-1858670547,356870972,6c64198c
648734768,-1219139202,8949f7a0
90491837,-693491349,af446cff
-1058439359,-1912891783,90a83bb9
1883784328,-181694891,08da3128
-481051453,1751910704,6b9a3f90
-1365138962,-2128961168,6db98620
-311264675,-944823533,36cccbe7
1848395595,-1793231817,76504d1d
774132835,-1176840791,1780145b
-1726393563,-1424409333,72836397
1980948636,-629679611,a2273b0c
172115704,-977665733,07bd5328
-324319194,-1784850604,3b069678
-246713690,-327546020,a02655a8
-365486755,379449291,2e271bbf
-43988384,1237433674,a5c35fc0
-572119124,1212090406,44bb4388
-668911634,-2094139091,ec1352d6
1230634825,-1092859336,a036f1f8
-1817841703,580339506,26ed0762
-1087014883,95909216,91ad4be0
330318488,-1408222118,85130970
98614549,476994908,4c7a948c
301307883,-1035936680,4bba2cc8
-1445718225,-1087466960,086f26d0
641694016,38559276,606e5700
-718363436,-262218600,ef300de0
1463878149,1520653279,2077615b
1024910379,328922798,f7ae673a
-1128051305,-1141157311,dc7e1157
1027153458,-1587875066,b6942b2c
-1468687426,-409044977,91293022
1475952716,-1864425484,ca8e7c70
1080190980,-2137977794,1ef960f8
-1130352020,897512037,0805fc9c
1453159024,1882861311,7ec51d90
-1529058785,-870216768,b4ed6c40
1557466327,579430968,f2fad508
-1382746377,-1690821835,38eb2e23
-1981257296,-1948748102,1013e9e0
866414503,1483443756,28fed2b4
-1346443119,-600174375,343632e9
-963184079,291490375,4e790d97
-655701093,-846943947,03f17a17
-1211026894,480231204,92ec5d08
-425034441,112906445,8038f50b
-377835237,-740700675,5ef6a6af
-2103936531,-1408643113,7dfa090b
971191611,-1626133010,59f7dbda
264970339,729852081,0b325c73
-755927449,1570652147,25e8bcc5
1351055244,-1617352512,f6f38900
-1777300574,-1207972061,c9891526
572097554,1222588328,f7cc89d0
1356019933,-2087907830,1e154ea2
-1581980552,-1558716356,1d168c20
-184721470,1905101237,2f3d862a
1777033013,350487143,63a5b853
330169906,1882418678,82638e0c
-705125342,-1244947147,fa18d50a
-163324150,-21106180,e629f7d8
1921488220,-670238346,4b155468
707243865,1076264133,f0af0b7d
-1410255117,1646519090,020f3476
299402701,68556271,1fbcbb63
564151872,202898724,6fb72100
1781349851,-1905895650,f094acaa
1718343677,-906651835,91987231
1427385585,801427069,6e87dfad
998660008,1973974101,f1933ac8
-1211289324,-1780227630,4730d668
-872359245,1994646954,aaec59de
131506148,2002601453,2c9e7a14
-269006490,-54836599,31c49396
-2036162750,1423858478,c31113dc
1250049708,820014460,a2459750
-1441641866,1677375236,14bf83d8
-1770815564,-550869807,b1b591f4
2022818946,230861467,51444eb6
-1667727092,-728686128,ec5765c0
-663921923,-15200396,049a0da4
-2028649447,1092513741,b87c5f05
117075505,-1735795861,3728f97b
-886994697,-264914820,69d2dfa4
598411306,1827630292,084a7ac8
-110089878,7949847,28cc0486
548982550,-1351442322,d2a2bb74
677223690,1,285d9d0a
1899650140,2,e274b8b8
1261029243,8,594e3bd8
165671405,-16,6200e130
-1398644007,33,40eebdf9
331469421,63,dcb2c8d3
1701538935,-127,afb530f7
297881736,-257,2cee2778
-1580781568,1024,1cc00000
1041662151,-2048,4bf9c800
1244636396,4097,447e64ec
1328524481,8191,a668733f
-877835340,-16383,78c04bb4
-1624158438,-32769,b941b0e6
-527268229,131072,0cf60000
218433034,-262144,e7d80000
-926932438,524289,da10222a
-861121786,1048575,63b3acfa
-637222154,-2097151,7b44c2f6
-857217551,-4194305,b6d81a0f
-1814961242,16777216,a6000000
-363646748,-33554432,38000000
-1020053678,67108865,0b333752
721095117,134217727,3d04f633
-1332456497,-268435455,c09453cf
1941975385,-536870913,6c3fcea7
112239603,2147483648,80000000
555536776,-1028477387,31f1d128
1184350123,-575063493,c7f8ea69
-1236865354,-2073254261,8415a0d2
2050463623,-2143106026,5e54999a
163676248,-615107892,f6d37620
-61519659,1776881783,470f2b03
1670943295,-1446204904,c89f8be8
1994656640,-1441383969,54358480
-2016933743,1170572658,101c2592
190045145,-1095731974,42b305ea
1201533780,1446460156,c7a88eb0
939335722,-1556463590,ff43c444
-1368601491,-163934522,503c924e
1902556996,269290204,05e22670
-2068395355,-951237599,e004f345
2007157106,1602843307,83735326
967977966,1290098164,1a4de4d8
681727443,1524390730,62c2cffe
1165732030,109061804,dd2193a8
2058176441,-123281907,38f51265
-1439247919,1077341811,efc68ee3
-827025916,413249966,12fabab8
780563904,511389575,4bc65840
-1047573285,-1577268401,bfbe6095
909883288,1771047788,0f94fc20
1731337873,676702252,6ed168ec
1538731900,-1151734574,322743b8
-1263565263,-519884813,5fd25f83
-1792218571,-1804782504,c3944638
1660375963,-2096182188,7340f2dc
1159019925,-1078181530,4f855e5e
-393099496,1584303810,77383030
-522226800,1242527404,7ad604c0
-104583201,-2013045733,e0823085
-510418839,-992814743,a2a7cc11
-672950059,-511044104,67d78758
-1436513123,-1460015960,9db20308
-1441452185,-1900261939,83dcf07b
1189156058,203725760,9717a180
672447722,-407901247,8b033a6a
808547404,-977180624,49d0ae40
496214411,-423459288,32f5ffb8
1408358258,1566861584,03033920
-441196678,-1702884501,ddc8a5fe
-1017771871,1675747003,23d4eb9b
-601182852,1080237144,709932a0
-1339625717,404420371,f2a55ad1
968365350,-1153683058,f7100114
-560477461,-2123905953,e13d3935
-1633974966,963754811,77dec60e
602128288,-483521031,c80082a0
593274466,-1956145472,f6683580
-211322075,1148611059,13ca111f
956619874,-1343305425,2a0967fe
858621300,1831968164,a335a250
-602708542,-1633494396,1f6bac08
-750584258,-968635188,3a360168
550208691,605117565,22f31f67
76664865,1730455836,4dfc8c9c
-1890056157,-1507712195,f7bcb957
1891582235,1650592184,0516be68
1479007719,41628243,ca410fe5
-1482406875,184420028,04f0e92c
1066600306,-1571991880,df3c15f0
618481826,-2111115017,342cf44e
-2077748871,1484482520,9df96d18
2024817679,-1222371564,8efeaa2c
973930469,1736513269,c1d39429
-1022138054,-1295752989,26140e6e
166894409,1835625747,cf109b6b
-722684989,556590770,be9a2f96
-1594821306,1957250587,7fb10262
1862741862,398044028,feda1768
678011988,1491904357,3950a124
356870972,1433285533,dfb7b7cc
605120238,938063757,1ec7d316
-1661843416,-1772455039,4cd19428
966694898,-1101557227,6be87ada
939256051,1801366107,49772c61
1557979585,-132930661,96cd92db
1014521750,16923668,44fa9fb8
-1219139202,-446431856,0b06dce0
-1315303643,-1783423969,7b2ee17b
-1372779629,4306773,f88deccf
1783380194,1605821395,81ef4846
722765820,-783791799,1e81a2dc
835470520,841561202,9c63f9f0
-734558747,-1798224346,62cf7dfe
-693491349,371265104,ec3bcb70
-1352464346,-1471722504,1ddd06d0
1334947891,1603373160,72adacb8
-481021521,1845133540,97b9bfdc
615518227,-1944979309,15eea2e9
-1856302057,-770559661,d6fdea75
-443791639,-1949370985,3818d06f
-1912891783,-742582798,ad812b62
718906761,-630922942,aa1e1652
-33789970,1900843703,6b5c0722
-188597449,1207008869,298d6eb3
-1889277616,-28085704,e0b0a980
-1720909786,-1343630872,247d2870
596961325,-1280365808,6a1111d0
-181694891,-1779355959,c9cb06bd
-1593795598,123791532,d27c1698
862149994,816019687,4cf0faa6
477660234,128841459,4186ae3e
1122775183,1851681954,44750e7e
636624677,1693042344,f7a80e48
-413025622,1935104153,af58ff9a
1751910704,532669305,d205e7b0
481993608,1912265504,fc09c900
-1996315533,-1023696142,93513ab6
-1205773757,-1361512124,0c2f24cc
-610060350,-1330508736,b44f0880
-190612788,735809550,a6877728
-1835946910,-98803871,26e2af22
-2128961168,-64755607,6889b6f0
428192636,1186711704,9f2f71a0
1518983202,138792066,2364d944
-190026531,1875421300,e53a5c24
-799163947,163053704,bfe2b928
1429869269,908826990,6bfc6486
1563924359,-456749238,6e203606
-944823533,1147647375,8746069d
-1279199540,-1675306729,bc391854
900576578,815229540,2ed621c8
1945777003,1209680040,f9ea7e38
560920894,-1604488169,956e7c92
1932423281,435454774,44098ad6
1194332303,-882789509,7adaf1b5
-1793231817,1085522099,5d368275
1089481293,-1693124633,3e8a767b
-553049116,-1335350951,558cfe44
-310738302,1392614408,bbdd4c10
-1430613417,1433321120,f19a0860
-916936933,1970371337,c652d8f3
-1257752656,658223961,545b6c30
-1176840791,1057560153,8561cdc1
-385666760,513725237,cfca5898
-1279466369,909553671,c40b8f79
1523861179,-1357705496,011f5378
-591284768,-459724541,cf4601a0
-1640807380,609555292,7b17c3d0
-1356669183,-396839319,30302d69
-1424409333,-1570266480,bc404c30
2077269326,704194572,e5398fa8
-1734863274,-538883992,4fa742f0
1097457551,-1331023954,aaf73432
-595702995,-1305960881,0666f8e3
293668028,1778408099,58d01bb4
1690964021,-1059461426,2215a8a6
-629679611,1076114008,6a7bebb8
113834187,-294915479,7a76f143
-1291666947,286047033,5e533855
-362057637,-1717886668,e1678d7c
771673038,-1285460310,49d3dacc
-1900928173,14094694,5a079612
1090791527,-930097697,21c5e4b9
-977665733,371964270,a7b92a5a
-1694717956,-2056460360,2b7d2120
-2079152139,867268259,a0b0deff
-1145298171,-1044996028,1e6a6d54
-1341204708,1986149375,0b13b8e4
1717035105,1361290587,631e477b
1977326996,-747326382,8e348968
-1784850604,-1117177295,1e5abf14
-1278783118,-1067154598,8347f814
-715719904,-295407072,3f33a400
767780926,1760395103,9da07102
1406889417,1019905851,c7114c53
874936905,2035460875,9db80423
-1317293819,-1995858366,ff51b94a
-327546020,-1578245173,1d0595f4
1178928696,1922399418,0bc1a4b0
1376343642,1183927894,ec6c6e3c
1804273162,-83293714,e2cff74c
-2146320304,-482229358,53ec9da0
506851965,-1199639492,b149f94c
1490951449,-2062641314,39166e2e
379449291,1426993255,3a9b8aad
2050013199,637847773,a6169cf3
-1940845819,1341669772,87f64bbc
1468646190,32295774,7ec324e4
1381274309,-206455059,766f1661
1893447002,1152258559,2d109ea6
1715020513,-241785377,201666ff
1237433674,-1009718056,0017ee70
-472496389,-986381902,1a3b5586
-1654966630,-2116982074,a6e1ff1c
-2108347954,676031687,ad306722
-390595553,-943144210,d953e2d2
750068386,1189154506,eb342fd4
612903081,80122992,c9c97df0
1212090406,221568374,4cce8f84
1779496165,1694881710,76abc6a6
745582442,1580554008,b31f77f0
1312049423,216225857,50b0b4cf
-1962645373,135980157,8389b3f7
539470376,1349946367,7f5635d8
-817899837,-211482019,9c83a2d7
-2094139091,142621260,5a9a2b5c
-2122001093,809501519,e53d7e35
-909720783,-1653286169,d3c5db37
839817770,-1937784536,4757c090
-1218059601,-2135345316,1cc80fe4
-145403733,203047245,4382ae6f
26883000,630669123,779dd128
-1092859336,345613659,8f9c79e8
-1971462357,740644751,c85e4605
-1401525485,-74303998,0558d826
996208774,-70823367,9fca79d6
-16225850,-906299479,3bf7ddb6
1646195522,-326397211,59413e0a
-1891138938,1076265936,e1c89ee0
580339506,-2116627935,43b33172
1144345562,-590147333,aa34d6be
587486077,-1949434561,9eac14c3
-369227087,1805461424,1bd550b0
180268298,-52588458,1705c15c
187353544,1811886301,3ffdb1a8
392659961,-940861498,dd7af196
95909216,897693735,c0afe1a0
852291186,-679335309,4511d136
1271536752,-1951222050,ff5c4920
1639095031,-1151823562,775a971a
-569966745,1889747921,c7237817
425262376,-1892054903,8d04ba68
1534239394,-286081628,90a5c9c8
-1408222118,-142516848,ee68a4a0
-148785255,-1086217009,32ba78b7
1509303774,-1740994126,abb6225c
1489604619,525347669,ae8eaca7
1999168376,-978948643,1ef67698
215309341,-1695811977,fe50af7b
-1027482315,-848032463,cc5b0825
476994908,-86390295,82bc34bc
1397543052,-176845973,d2532e84
51377279,-1593880633,385b3fb9
-1985514908,-1065317335,d0600204
699976282,-1826098601,5ecbd896
-1180090925,-1725767802,ec772972
534409532,734316774,0ca89be8
-1035936680,1990735840,11d7b500
-127093351,1672290938,b751dcea
997055238,508458497,4e369f06
-1009045779,-1800122903,323efeb5
1893601675,846431766,f7b543f2
-148740711,1017366418,3b02e042
706715895,740691334,0064cc4a
-1087466960,1768374063,10d6a6d0
-1515086159,314020664,1f8159b8
322294309,-1014233133,6957377f
6682503,-1506594577,57806709
-546102261,398419006,f92c06aa
-2021348410,2038305829,150c4b9e
-471205581,-2003420387,d9d1fbc7
38559276,952525031,2c4179b4
1997438303,179884842,4bfdde96
1543452420,1578086629,725af694
-234471419,804637019,2045aec7
353213863,1941020597,5d023013
-2083558513,-1923110706,dc8f6512
458119623,1920103334,7fc09c0a
-262218600,872013435,98b7cd08
-1284378580,-1685376790,6f11c838
-1377953911,-1832950284,082e7b94
-636806382,995521169,b0645932
427377256,239224095,93651298
1540803184,-1078364620,83e0bec0
-471755415,704629540,91ca45c4
1520653279,1300584316,0e786904
-921465085,-1587211554,0e333a9a
-152846595,539120086,6f69b47e
2037226654,1789413891,4f3e81da
1981753619,1372837032,301fb078
1603216093,-588445929,b2692cdb
-963906077,-468417039,023d69b3
328922798,225003022,754b1184
-15294574,743059139,971bc836
-1935489685,-699425293,af990391
-2093210780,1583924727,fee2197c
2096332320,132326863,f07d9be0
-604086908,601894399,b84f5a7c
853288775,569179194,98feca16
-1141157311,-1657275963,a45e8505
-117847066,-1703849625,928acf8a
-904742425,1078233873,b78ac557
-1260382597,-964310053,3d6dc439
-2062329446,171972490,e3fb2304
-1936003507,-1820027232,bf2a0e20
2058334137,-1786027725,19081adb
-1587875066,-613087319,356d98f6
428212349,1443918508,d80ffdfc
-969160221,604222311,d9e0f355
-1270847063,2120878511,69b92b87
-83305353,-1006387983,86a3f007
-1309547500,-185912309,3614dcdc
2062610990,806714713,e1caa7fe
-409044977,-216694179,b3c43b73
276678751,-672040672,eddcf2e0
-91061,-1288609384,d3c03788
-499998796,1309937717,50865044
-2084653377,678886861,0e5d19f3
-1143164382,653648139,91958976
-1782392913,-1165600010,74a8c82a
-1864425484,-1173397833,a4876f6c
1528258883,1618367889,506b55f3
-1948246764,723971744,7412c480
-1843160036,-2057622526,4d100838
1793170582,1682705440,04129ac0
-763228566,944185070,21ffd28c
-1341876936,-1345120259,a3178058
-2137977794,1341943042,f2607e7c
1728392809,-239110499,0ae8dc65
-1140996545,-850044957,365132dd
-1801581471,386276667,2919d75b
-1313811990,-1128791498,95201b5c
-1294525957,1776464768,b54d7e80
1303826176,1558846590,749de200
897512037,-1960957420,408581e4
-883373182,-1427546945,2db48dfe
-397123463,-1927944868,878be87c
-326905332,-181011593,28b46794
-1447229554,1116362059,2c6f5c9a
-1619539119,511771763,73ce9963
-1624269983,-894539163,aa0c7745
1882861311,-652261482,bd01426a
-1961595592,782045905,06b31ab8
-1317053076,-1412338950,7c3bf378
-414582692,295839037,13bd79ec
234248780,-6282871,5dfa1eac
-152066382,-486490418,68903f3c
353891729,-769375086,df4890b2
-870216768,-422424188,0203cf00
-1104697036,-650945347,6d729b64
539705005,-1744247646,8c97bd7a
591129144,1571483402,31316e30
663748130,1393119382,22fb87ec
-1406971704,-388027371,cf000068
-315735545,1189592244,3b5490ec
579430968,-90561355,53c7f998
-264473870,-2057508692,39c08a98
1656044357,-1069358259,6bdb02c1
-609455874,557396433,3ff6dd5e
347834009,1778672533,0a96820d
1156133801,1886919916,2fda1bcc
416502662,1808783946,ad9040bc
-1690821835,-1597664388,76959cac
-412060046,-14391900,d8cedb08
941896619,-978002204,50484e4c
-965780939,-1208013374,b108ad2a
-257857945,-695781326,683d881e
1801600204,-760133189,d5249504
-402806174,2079165752,490f3f70
-1948748102,-29817466,6909c75c
915762040,1146954540,b9f7e0a0
1705583474,-162942735,a41abe52
65271030,-2090654577,d7ea6d6a
-1756556274,1403824964,b046adb8
1513312039,-1517670283,a6507cd3
1611378734,710298781,1aecb436
1483443756,-1941103886,5558dd98
1854726182,37170228,1f4e0fb8
1990502504,-1907274225,17dd8e18
-246503557,-859703911,c605cf83
198028666,-291095748,144bc698
80036114,-814010726,220060d4
-1170797873,-881304275,f0a21963
-600174375,1861628427,3c4f1b53
1235023791,781447656,26e93598
-1050165180,128048398,eb6b37b8
1083534034,-1937821,a9128b36
-1651524219,-550658371,35780131
-955607870,1274558284,4f09d798
913627571,-1548255335,1bcae8fb
291490375,-531563425,13d9f459
-1135749633,352913313,fec48e5f
-759961201,-1365556324,1757c024
1372792739,-564825304,26eb6a78
-1339191008,-993041946,65cd82c0
1556241511,-925728720,d722d350
-678446007,-1737834139,b6e251cd
-846943947,1662162651,f05bce57
1229055775,875332795,83a3cfa5
1810057160,-1876751271,79b95488
-946710563,-517368515,0a6790a9
-1755906464,404797504,28949800
-1000135024,-356517671,ead73010
1672718967,1074946492,07e64664
480231204,-1323576392,4a280de0
-1767793144,824680494,af076570
-337399198,-610576765,0ac73426
-1812230591,-1981808864,c5c38720
1215051332,343044885,0788ff94
-1788447257,-1309745374,6c11e1ae
1905132062,-2060504474,f480b3f4
112906445,413228814,3aa07e36
1013593258,1616718425,4f52331a
457210358,-1012863889,dd23a9aa
774291529,-1217709672,95556c58
1534322805,-1385966959,d795a445
-856648487,1093306139,007821e3
-163254165,-1077490598,4b93c99e
-740700675,259282745,5a23d855
340187824,801868175,f82c5850
1798170766,-722763019,f561abe6
1028840814,1273772392,b85f72b0
-792214968,-1043418736,2ba11080
-394554280,1341561630,c5dcaa50
1740465345,-222617546,998660b6
-1408643113,-182110881,acbea3c9
71118630,-1710329067,4546f01e
-1557937434,705837921,7ea3db26
-1625679412,67935536,3c46f240
1878596272,109470272,729e0c00
-1705600956,2027928156,e4fc2070
124178021,1320035455,2fac981b
-1626133010,-836326356,8f7bcce8
973711053,402242794,cbb60362
1213831319,1276614674,d277629e
1228656693,-1399741165,86a79cef
-2129793095,272624312,0daa66f8
1955464110,867181841,7596648e
1948915132,-1352060234,3c462ba8
729852081,-236816534,5ef2204a
-381122057,-677242858,9879033a
-24800814,-2127162767,518221b2
-2107492961,-875381246,f9fe6d3e
1056159338,938802817,2ad4176a
1325835026,-1650067343,74816af2
100142613,-1313756833,39de16cb
1570652147,1509370571,616f93b1
1143766166,-1513170304,e70a0700
1674822349,-511255848,b2dceef8
-1705517702,1447815257,28008f6a
660634996,1863363797,bad25184
1695325126,-1182595311,da6ac226
802815885,1610740589,2cf1a609
-1617352512,1981909700,81fab300
1464883391,383114867,26f87fcd
-1072317440,-1548842451,432a0c00
-332390736,-313934180,54495340
71418653,881769624,f06b2538
1903837040,2125236907,721abfd0
1953976235,1605884828,7218d534
-1207972061,1466559728,2d2174d0
-1779944278,-1298627123,273e7e22
1437188852,-125827296,338d0a80
66511596,-1510443492,2c3999d0
-1258426182,970661997,2754bf32
1675489382,-2051003394,a815a734
1253947393,-1754741395,28c81d6d
1222588328,-324996455,39051368
-1541095954,604185774,6d788fc4
957903962,999379868,5d9a14d8
-1489836150,-1154025499,530b4472
-1974343652,-2017456006,e28a5d58
819765519,1171818334,399a0c82
-1273874933,-991815325,8c07f941
-2087907830,1179607125,a42f6952
-615601229,-1671696662,b62a5b9e
-737372304,1010840950,7527fda0
1378245974,-80702875,1c7ddeee
1702729453,2122545801,0b69b6d5
211873061,-921093608,da6d9d78
-1979362324,-2060347978,e5ce05c8
-1558716356,-1758089423,5a46ef7c
-584119708,-324647425,ec804d9c
1566810133,-1380636177,847ed09b
-1031962049,193357933,ae540cd3
1897542315,1089008880,abd27c50
-644432891,811141986,138530ea
-1671048566,855614726,f68be13c
1905101237,1459182118,5c7912de
276898503,-2141056412,571193bc
-862883639,-2014221718,1924ed3a
-891558452,-14474267,2603737c
-169292009,-1504157499,a3b7fcb3
-886252265,-1882121251,79d349db
-1700813477,574415388,b0c46bf4
350487143,1336006753,9832d107
1479085810,553042185,aa41f882
-857517848,1193007240,857ebb40
854853789,189298413,d30c5759
-179902850,-90608500,d95134e8
-948607395,-591036258,7f34ad66
-336762473,-658117226,b10fa97a
1882418678,-999537066,7d2034a4
-882044753,201366048,3dab5be0
893257277,-720308575,3ad08a5d
510391824,1626036155,ca2c2db0
2089614184,1952491581,999427c8
-274194851,-959010197,1f2c72df
1214456272,-587409702,8b6eab20
-1244947147,-1182548419,2f50cba1
-1243288019,951399190,7af06ede
-66362518,372096754,4c2ea634
-303138441,1805735509,3dd34e83
2047657914,-2135908726,fe087644
288157664,699889058,c1312bc0
691404262,926546725,d6f4343e
-21106180,530158796,f2de84d0
776120274,-302132980,daac4fd8
2073453741,1927815189,36b3e231
608674682,-612163908,0f325998
1010970562,-1808142336,d6f7e000
479399114,-1554275034,2ee017fc
419831462,1326975385,454c2736
-670238346,39504071,b4761aba
1030512269,-783726599,dfd61225
-434176679,1835822644,d5b3b414
-375438710,1955334605,99572282
-1656715046,-1305819968,60f18b80
-840395016,-97968293,b9adb228
1290306207,-1931728109,f7d666cd
1076264133,-553625865,6e0c9013
-1551344994,659861772,bee37d68
-1352444592,200254169,9cdff0d0
775114708,-745423661,b5fe7bbc
-2797636,-450133598,f2be30f8
2075705502,-928248765,e489d15a
1469377015,-1275114770,3a1be9a2
1646519090,-1740195171,12c0a9aa
-1959005523,-1357416687,2d54887d
-1647247979,618728761,945e072d
-855478899,-1682517359,5d7bb6dd
1041885030,-1651264416,edfc7e40
768062229,1807732101,16d2dae9
-755806661,1577023120,2ab03330
68556271,-322480998,15449dc6
1940026710,1403635733,bfc4d00e
-13244934,129718902,694fe53c
886539109,-655242958,7256f6ba
1792321123,-1822927587,c05db837
-1480767495,1649768333,97626325
1232253218,1106434918,755ea98c
202898724,-1597510712,bf19d020
-309816649,-542848862,6947cfce
-831575261,-2040005475,b5b8e877
-1471010980,1463715761,7fd6ba9c
-1534975332,1760997827,eaf638d4
2077415616,126881564,11c2f500
439089241,1266174196,cc79bcd4
-1905895650,-1570694827,44dadaf6
-346283298,1889986328,f00d96d0
-1131166990,1492922730,73b70a34
-1230428563,-753227736,49b78908
1766276657,592132064,580df1e0
-1520898600,716262266,bc67a0f0
-1788435487,763756657,47145651
-906651835,-1832898634,791f360e
-649530428,1429952512,55f76000
1359992723,650283938,15793c06
-833522730,1197476811,e4d10cb2
624545677,-867108207,c27e40dd
1568639777,276833194,2737e6ea
-1061640280,-1324283691,6908bec8
801427069,-1612616583,b9ff5515
96391773,2083583773,41058f89
-1556772011,750629924,13405bf4
-1395551738,-164232107,392193fe
1544395905,1895658198,1e8f45d6
379020736,1319698480,e8231400
-250541823,-2132592339,a6e2ce2d
1973974101,1050771842,619ee82a
1698343743,8480347,a6d4f965
-506684866,1700593091,1790c33a
-450862479,-294072711,8e7d7569
1465786150,1563012748,8bbadcc8
-1947883455,2052068581,a3e49625
1386378757,-474603742,fc6c47aa
-1780227630,352089926,9d005d6c
-1960044847,-1354537792,71adc0c0
1183034897,-481051453,eca512f3
-837342687,172115704,2277d5f8
-1037159837,1230634825,22c7fb3b
840070007,641694016,51791cc0
1784491735,1475952716,7f7ea7d4
1994646954,-1981257296,51f09ee0
-665731688,-377835237,07251708
-753084585,572097554,4c8f001e
-18661904,-163324150,bda47b60
357917376,1718343677,9191d7c0
687242472,-2036162750,21f04bd0
-2071664604,-2028649447,45983b84
2002601453,1899650140,df584d2c
698626199,-1580781568,857d5000
-1396429974,218433034,93c02e24
-21143381,-1020053678,cb7eb3c6
-809346696,-1236865354,2a292b50
-417457147,190045145,f71d073d
897277758,967977966,78cdf5a4
-54836599,-1047573285,3f799733
1715303312,1159019925,711d92d0
-485967793,-1441452185,86d3a8c9
-721290748,-1017771871,0f665c84
569063303,593274466,eb90cbae
-593493339,76664865,863b6745
-771258046,-2077748871,3ffd4232
1423858478,1862741862,1397c654
-1102606029,1557979585,76664a73
2110591591,835470520,455c9608
728727910,-1856302057,6262982a
1534428802,-1720909786,8acbf74c
-753593552,636624677,22be95f0
693627811,-190612788,3d2473e4
820014460,1429869269,6c85d02c
-608189914,1932423281,d96952c6
-1294411049,-916936933,5c8955ad
-684870558,-1640807380,8b4b08d8
-1769214977,293668028,98f04b44
880673317,-1900928173,42dfc0ff
1099057438,1717035105,9f89f45e
1677375236,874936905,f84e1824
307246315,506851965,41d6fcbf
-1539774557,1893447002,7038ae4e
2007635863,750068386,f287fb8e
-449753626,539470376,2b78e7f0
-2013442477,-145403733,153c4171
1501819106,1646195522,1026a044
-550869807,187353544,2790dc48
1394296600,425262376,b9c5d3c0
-972298714,215309341,fbacba4e
-471206205,-1180090925,6b5dd9b9
759974491,-148740711,d9045763
420361767,-2021348410,5c45ef2a
573056861,-2083558513,4814dbf3
230861467,1540803184,565af1d0
-429842747,1603216093,12f8ba11
1480246870,-604086908,33af8258
-1880322289,-1936003507,7a2cf983
1573292153,-1309547500,47f76d74
2133079677,-1143164382,331e269a
347650394,-763228566,a253ab44
-728686128,-1294525957,9c4976f0
-32181981,-1619539119,d41c0d13
-1701029112,-152066382,90367b90
-1112995054,-1406971704,9afc4610
-779583828,1156133801,7ee3e38c
-224736534,1801600204,167c8a78
-2100530019,1513312039,726936eb
-15200396,80036114,bfe18a28
556991618,-955607870,e2589284
-141850274,1556241511,9fbe0cd2
-1094540283,-1000135024,73c400d0
1932089506,-1788447257,6a5d042e
1420749545,-856648487,ce83d381
-1264137356,-394554280,67b0ffe0
1092513741,-1705600956,3f556a74
-711124945,1955464110,be20fcf2
-1602450536,1325835026,c33398b0
529566753,1695325126,85305c86
-151781740,1903837040,bcedccc0
-958150803,1675489382,19d0a56e
-960285228,819765519,6c7a7b6c
-1735795861,211873061,d2eec577
135337262,-644432891,1ad731e6
-142817312,-886252265,ef425520
1117813699,-948607395,4abba7d7
1979678428,-274194851,730eddec
68856584,288157664,6a621f00
2048725883,479399114,5b7c230e
-264914820,-840395016,aa836020
1560319546,2075705502,aeb837cc
71676699,768062229,0ef09237
-1821303372,-1480767495,2226d014
-1795509671,2077415616,5282dac0
27371577,-1520898600,99bab518
-624501715,1568639777,c081d0cd
1827630292,379020736,928d4300
-711456067,-1947883455,3cb7c1fd
-48632153,840070007,b300f4a1
1759251203,687242472,a9a16eb8
-112771847,-417457147,7d3d6cdd
-515362801,-593493339,b14717ab
-909315246,-753593552,9836b560
7949847,880673317,1f767753
-581494114,-2013442477,ed7fc53a
-425107965,420361767,4ccbf475
928852200,2133079677,87bde948
-1686400056,-224736534,97e0e4d0
-1039529264,1420749545,6265f750
-1845703420,-958150803,8e8d66b4
-1351442322,68856584,0fea7d70
-2096931376,27371577,31206350
134995539,-515362801,2cb996dd
-746734805,-1039529264,a525c0f0
14330759,-1985367892,63f70eb4
-1985367892,2147483646,ecac9ea8
